course_name,avg_gpa
AFAM 40C,3.3700000000000006
AFAM 138,3.632
ANTHRO 2A,3.1682142857142863
ANTHRO 2B,2.7714814814814814
ANTHRO 2D,3.2857142857142856
ANTHRO 41A,3.5730952380952385
ANTHRO 134A,3.5088888888888885
ANTHRO 139,3.5016949152542374
ANTHRO 161T,3.71
ANTHRO 162A,3.336666666666666
ART 20A,3.81
ART 30A,3.8203703703703704
ART 30B,3.8953333333333333
ART 40,3.785625
ART 71A,3.837826086956522
ART 100,3.776176470588236
ART 101W,3.766818181818182
ART HIS 145A,3.66
ASIANAM 50,3.2125
ASIANAM 114,3.5416666666666665
BIO SCI 1A,2.6072727272727274
BIO SCI 9A,3.596
BIO SCI 9J,3.563333333333333
BIO SCI 10,2.885
BIO SCI 35,3.074375
BIO SCI 36,3.255333333333333
BIO SCI 37,3.1592857142857143
BIO SCI 38,3.005625
BIO SCI 93,2.917826086956522
BIO SCI 94,3.0254999999999996
BIO SCI 97,2.8855102040816316
BIO SCI 98,2.881041666666667
BIO SCI 99,2.9226923076923077
BIO SCI 100,3.132
BIO SCI D103,2.974375
BIO SCI D104,3.011875
BIO SCI E106,3.261153846153846
BIO SCI E109,2.950731707317073
BIO SCI N110,2.8366666666666673
BIO SCI D111L,3.2978260869565217
BIO SCI E112L,3.4229757785467125
BIO SCI M116L,3.256803278688524
BIO SCI M118L,3.2813580246913574
BIO SCI M122,3.0197142857142856
BIO SCI D124,3.5900000000000003
BIO SCI D136,2.6566666666666667
BIO SCI E136,3.22
BIO SCI N158,3.06923076923077
BIO SCI N165,3.709999999999999
BIO SCI D170,3.16
BIO SCI E179,3.110952380952381
BIO SCI E179L,3.4678947368421054
BIO SCI 198A,4.0
BIO SCI 199,3.9924401913875602
BME 1,3.7317647058823527
BME 50A,3.0750000000000006
BME 50B,2.828
CBEMS 155,2.96375
CBEMS 175,3.27
CHEM 1A,2.621375
CHEM 1B,2.6543076923076923
CHEM 1C,2.5143396226415087
CHEM 1LC,3.049945355191257
CHEM 1LD,3.06813025210084
CHEM 1LE,2.9960000000000004
CHEM 1P,2.6325000000000003
CHEM M3LC,3.436111111111111
CHEM 5,3.2015000000000002
CHEM 51A,2.629583333333333
CHEM 51B,2.5042857142857144
CHEM 51LB,3.070889292196007
CHEM 51C,2.495609756097561
CHEM 51LC,3.1216730769230767
CHEM 51LD,3.170675675675675
CHEM 128,3.1215384615384614
CHC/LAT 61,3.1641176470588235
CHC/LAT 64,3.0857142857142854
CHC/LAT 147,4.0
CHC/LAT 151B,3.0999999999999996
CHC/LAT 153,2.9050000000000002
ENGRCEE 20,2.68125
ENGRCEE 30,2.5027999999999997
ENGRCEE 150,1.8211764705882354
CLASSIC 36C,3.4025000000000003
CLASSIC 45A,3.3184000000000005
CLASSIC 45B,3.4073684210526314
PSYCH 7A,3.101282051282052
PSYCH 9A,3.0756818181818177
PSYCH 9B,3.007560975609756
PSYCH 9C,3.02
PSYCH 46A,3.2387500000000005
PSYCH 112LM,2.9272727272727272
PSYCH 112M,2.9274999999999998
PSYCH 120D,3.40875
PSYCH 120H,2.9283333333333332
PSYCH 123P,3.4850000000000003
PSYCH 127T,3.0500000000000003
PSYCH 129,3.4985714285714287
PSYCH 140C,3.458666666666667
PSYCH 160A,3.236153846153847
PSYCH 160D,3.1884615384615387
PSYCH 177D,3.367777777777778
COM LIT 8,3.528
COMPSCI 141,2.933
COMPSCI 143A,3.0358064516129035
COMPSCI 151,2.9569230769230765
COMPSCI 152,3.1536363636363642
COMPSCI 153,3.7659999999999996
COMPSCI 161,2.9834375
CSE 31,3.2
CSE 31L,3.0941666666666667
CSE 50,2.7222222222222223
CRM/LAW C7,3.2942857142857145
CRM/LAW C106,3.256470588235294
CRM/LAW C107,3.4
CRM/LAW C108,3.1441666666666666
CRM/LAW C120,3.5989999999999993
CRM/LAW C137,2.88
CRM/LAW C142,3.129
CRM/LAW C156,3.192
CRM/LAW C160,2.696666666666667
CRM/LAW C167,3.2409999999999997
CRM/LAW C173,3.2633333333333336
CRM/LAW C176,3.2375
CRM/LAW C177,3.2159999999999997
DANCE 60A,3.9150000000000005
DANCE 81,3.2619999999999996
DANCE 185W,3.7378571428571425
UNI STU 83,3.8711111111111105
UNI STU 84,3.821111111111111
DRAMA 15,3.706470588235294
DRAMA 50E,3.892608695652174
DRAMA 130,3.7895454545454546
DRAMA 135,3.8666176470588236
DRAMA 159,3.44
EARTHSS 1,2.975333333333333
EARTHSS 3,2.907058823529412
EARTHSS 5,2.8282352941176474
EARTHSS 15,3.0959999999999988
E ASIAN 40,3.388333333333333
E ASIAN 155,3.2914285714285714
ECON 13,3.222972972972973
ECON 15A,2.9709999999999996
ECON 15B,2.969767441860465
ECON 20A,3.18909090909091
ECON 20B,3.056603773584906
ECON 25,2.769615384615385
ECON 100A,2.821521739130435
ECON 100B,2.955675675675676
ECON 100C,2.958095238095238
ECON 122A,3.29225
ECON 122B,2.9894736842105263
ECON 132A,3.1062500000000006
ECON 134A,2.91875
ECON 135,2.911538461538462
ECON 140,3.1216000000000004
ECON 149W,3.2199999999999998
ECON 157,2.88375
ECON 161A,3.0063999999999997
ECON 161C,2.55
EDUC 30,3.4779487179487183
EDUC 40,3.309210526315789
EDUC 50,3.377333333333333
EDUC 124,3.6512000000000002
EECS 10,3.11875
EECS 31,3.0875
EECS 31L,3.093928571428571
EECS 50,2.7427272727272727
EECS 55,2.6705882352941175
EECS 70A,2.611304347826087
EECS 70LA,3.629677419354839
EECS 70B,2.6425
EECS 70LB,3.543934426229508
EECS 150,2.9619999999999997
ENGR 54,2.9303703703703707
ENGR 98,3.9914285714285715
ENGR 190W,3.3718120805369125
ENGLISH 28E,3.4116666666666666
ENGLISH 102A,3.2206060606060607
ENGLISH 102C,3.3093181818181816
ENGLISH 103,3.3206249999999997
ENGLISH 105,3.526891891891892
FLM&MDA 85A,3.1465384615384617
FLM&MDA 112,3.0846666666666662
FLM&MDA 117A,3.630434782608695
FLM&MDA 120A,3.7323529411764707
FLM&MDA 130,3.383055555555556
FLM&MDA 139W,3.2227586206896555
FLM&MDA 145,3.2828571428571425
FRENCH S1AB,3.38375
FRENCH S1BC,3.19
FRENCH S2AB,3.292857142857143
FRENCH S2BC,3.576666666666666
HISTORY 15C,3.1344444444444446
HISTORY 21A,3.413125
HISTORY 21B,3.4046153846153846
HISTORY 21C,3.3713333333333333
HISTORY 40A,3.440588235294118
HISTORY 40B,3.326875
HISTORY 40C,3.3152380952380947
HISTORY 60,3.5060869565217385
HISTORY 70C,3.3442857142857143
HISTORY 114,3.276086956521739
HISTORY 150,3.9299999999999997
IN4MATX 12,3.0933333333333337
IN4MATX 43,3.4314999999999998
IN4MATX 101,2.78
IN4MATX 131,3.5595652173913037
I&C SCI 6B,3.131914893617022
I&C SCI 6D,2.9297368421052634
I&C SCI 6N,3.044166666666667
I&C SCI 10,3.4125
I&C SCI 31,3.107222222222222
I&C SCI 33,2.9314999999999998
I&C SCI 45C,3.0727777777777776
I&C SCI 46,2.7824999999999998
I&C SCI 51,3.0670967741935486
I&C SCI 139W,3.5549494949494944
INTL ST 11,3.333829787234043
INTL ST 13,2.8078787878787876
INTL ST 14,3.093428571428572
INTL ST 130,3.5240909090909085
INTL ST 155BW,2.9788888888888887
JAPANSE S1AB,3.22875
JAPANSE S1BC,3.00375
KOREAN S1AB,3.2516666666666665
KOREAN S1BC,3.3619999999999997
LINGUIS 3,3.0192
LINGUIS 68,3.408333333333333
LPS 29,3.2745161290322584
LPS 60,3.5072727272727273
MGMT 1,3.077551020408163
MGMT 5,3.171666666666667
MGMT 7,3.0090909090909084
MGMT 10,3.31
MGMT 30A,3.032307692307692
MGMT 30B,3.3168571428571427
MGMT 90,3.84
MGMT 101,3.141627906976744
MGMT 102,3.348846153846154
MGMT 105,3.556078431372549
MGMT 107,3.6958139534883716
MGMT 109,3.4146341463414633
MGMT 124,3.6025
MGMT 125,3.459090909090909
MGMT 126,3.657272727272727
MGMT 128,3.245
MGMT 129,3.7922222222222217
MGMT 131A,3.338928571428571
MGMT 131B,3.280714285714286
MGMT 132A,3.236785714285715
MGMT 136,3.308461538461539
MGMT 137,3.592222222222222
MATH 1A,2.1375
MATH 1B,2.3635
MATH 2A,2.248274111675127
MATH 2B,2.2756704980842914
MATH 2D,2.5006837606837604
MATH 2E,2.5444705882352943
MATH 3A,2.737429718875502
MATH 3D,2.6598095238095243
MATH 4,2.644871794871795
MATH 6G,2.5700000000000003
MATH 13,2.54505376344086
MATH 105A,3.089677419354839
MATH 105LA,3.47
MATH 121A,2.5847826086956527
MATH 130A,2.761929824561403
MATH 131A,2.45
MATH 131B,2.29
MATH 173A,3.035833333333333
MATH 175,3.1037500000000002
MATH 176,3.1626666666666665
MATH 180A,2.7599999999999993
ENGRMAE 10,2.9566666666666666
ENGRMAE 30,2.8000000000000003
ENGRMAE 52,3.2012500000000004
ENGRMAE 80,2.7863636363636366
ENGRMAE 91,2.488
ENGRMAE 115,2.589375
ENGRMAE 120,3.0144000000000006
ENGRMAE 130A,2.5004545454545455
ENGRMAE 130B,2.8804166666666666
ENGRMAE 150,2.84
ENGRMAE 150L,3.8202608695652174
ENGRMAE 156,3.0612500000000002
ENGRMAE 170,2.603913043478261
MUSIC 3,3.6618421052631582
MUSIC 4,3.4859999999999998
MUSIC 8,2.6573333333333338
MUSIC 78,3.315
PHRMSCI 42,3.8817647058823526
PHRMSCI 90,3.8865517241379313
PHRMSCI 120,3.1706666666666665
PHRMSCI 120L,3.659333333333333
PHRMSCI 170A,3.2990000000000004
PHRMSCI 174L,3.453076923076922
PHILOS 1,3.3133333333333335
PHILOS 4,3.131142857142857
PHILOS 5,3.126666666666667
PHILOS 10,3.191
PHILOS 12,2.8511111111111114
PHILOS 29,3.0582142857142856
PHILOS 30,3.178421052631579
PHYSICS 2,3.0463157894736845
PHYSICS 3A,2.874666666666667
PHYSICS 3B,2.9126086956521737
PHYSICS 3C,2.9060526315789477
PHYSICS 3LB,3.272678571428572
PHYSICS 3LC,3.039342465753425
PHYSICS 7C,2.8403125
PHYSICS 7D,2.7291228070175446
PHYSICS 7E,2.799111111111111
PHYSICS 7LC,3.6912435233160625
PHYSICS 7LD,3.183220338983051
PHYSICS 12,3.07
PHYSICS 18,3.0225
PHYSICS 20A,3.0570833333333334
PP&D 4,3.608333333333333
PP&D 169,3.12
POL SCI 6A,3.3633333333333333
POL SCI 21A,3.220666666666667
POL SCI 31A,3.0664
POL SCI 41A,3.2127777777777786
POL SCI 51A,3.2081481481481484
POL SCI 61A,3.2961111111111117
POL SCI 71A,3.3116666666666665
POL SCI 124C,3.6966666666666668
POL SCI 125AW,3.25
POL SCI 129,3.4813043478260868
POL SCI 141B,2.700909090909091
POL SCI 144A,3.248571428571428
POL SCI 149,3.292272727272727
POL SCI 153E,3.6750000000000007
POL SCI 171D,3.25875
POL SCI 179,3.337659574468085
PSY BEH 9,2.7493333333333334
PSY BEH 11A,2.7553333333333336
PSY BEH 11B,2.6966666666666668
PSY BEH 11C,2.8651724137931036
PSY BEH 101D,2.756470588235294
PSY BEH 102C,2.797368421052631
PSY BEH 103H,3.188571428571428
PSY BEH 104S,3.0513333333333326
PSY BEH 118D,3.3230000000000004
PSY BEH 155C,2.7536363636363634
PSY BEH 161C,2.6933333333333334
PSY BEH 170S,3.2400000000000007
PSY BEH 173S,3.5185714285714282
PSY BEH 179S,2.8428571428571425
PSY BEH 192A,2.72
PSY BEH 192G,3.2633333333333336
PUBHLTH 1,3.357450980392157
PUBHLTH 2,3.5421428571428573
PUBHLTH 7,3.24
PUBHLTH 10,3.609090909090909
PUBHLTH 90,3.258571428571429
PUBHLTH 100,3.791818181818182
PUBHLTH 101,3.1156666666666664
PUBHLTH 103,3.5
PUBHLTH 121,3.6814285714285715
PUBHLTH 122,3.3188235294117647
PUBHLTH 127,3.2933333333333334
PUBHLTH 144,3.3865217391304347
PUBHLTH 159,3.3490909090909087
PUBHLTH 170,3.6159999999999997
PUBHLTH 176,3.29
PUBHLTH 195W,3.69275
SOCECOL E8,3.6160869565217384
SOCECOL 10,3.3791489361702127
SOCECOL 13,3.2329545454545454
SOCECOL 194W,3.189189189189189
SOC SCI 1A,3.3339999999999996
SOC SCI 3A,3.236190476190476
SOC SCI 10B,2.905
SOC SCI 10C,2.5987804878048784
SOC SCI 11A,3.34
SOC SCI 89,3.5
SOC SCI 120,3.61695652173913
SOC SCI 164B,3.7193333333333327
SOC SCI 164C,3.530625
SOC SCI 164D,3.7758823529411765
SOC SCI 184GW,2.9770731707317073
SOC SCI 189,3.691306818181818
SOCIOL 1,3.383166666666667
SOCIOL 2,3.2648275862068963
SOCIOL 3,3.317906976744186
SOCIOL 62,3.0385714285714287
SOCIOL 63,3.0534999999999997
SOCIOL 110,2.988235294117647
SOCIOL 120,3.0970370370370377
SOCIOL 135,2.911666666666667
SOCIOL 141,3.1950000000000003
SOCIOL 142,2.9774999999999996
SOCIOL 161W,3.2566666666666664
SOCIOL 173,3.41125
SOCIOL 180A,3.2321428571428568
SPANISH S1AB,3.5238888888888886
SPANISH S1BC,3.3805000000000005
SPANISH S2AB,3.4944444444444445
SPANISH S2BC,3.4155555555555552
SPANISH 113A,2.888888888888889
STATS 7,2.7340243902439028
STATS 8,3.041891891891892
STATS 67,3.190421052631579
STATS 120A,3.1705555555555556
WOMN ST 50A,3.61
WOMN ST 50B,2.88
WOMN ST 50C,3.45
WRITING 30,3.6342857142857143
WRITING 39A,2.8829419354838706
WRITING 39B,3.20228102189781
WRITING 39C,3.250752802989856
WRITING 139W,3.167260273972603
AC ENG 22A,3.487765957446808
AC ENG 139W,3.180138888888889
AFAM 40A,3.439230769230769
AFAM 112B,3.813333333333333
AFAM 128,3.597142857142857
AFAM 154,3.545
AFAM 198,3.9161111111111118
ANTHRO 10A,3.012666666666666
ANTHRO 20A,2.82125
ANTHRO 30A,3.5990909090909087
ANTHRO 85A,2.55
ANTHRO 134G,3.0
ANTHRO 136G,3.5649999999999995
ANTHRO 149,3.2357142857142853
ANTHRO 162B,2.9579999999999997
ANTHRO 164P,3.21
ANTHRO 180AW,3.6247999999999996
ARABIC 1A,3.54
ARABIC 2A,3.67
ART 1A,3.4155555555555552
ART 9A,3.718888888888889
ART 65A,3.6420833333333333
ART 81A,3.9417391304347826
ART 106A,3.7714285714285714
ART 109,3.8872727272727277
ART 126,3.5700000000000003
ART 127B,3.64375
ART 151,3.7686666666666673
ART 152D,3.77
ART 154,3.875454545454545
ART 189,3.6283333333333334
ART HIS 40A,3.0155555555555553
ART HIS 42A,3.2099999999999995
ART HIS 103,3.1325000000000003
ART HIS 123,3.67
ART HIS 140B,3.55
ARTS 173,3.98
ASIANAM 51,3.492857142857143
ASIANAM 54,3.6253846153846156
ASIANAM 131,3.38
ASIANAM 151E,3.2800000000000002
ASIANAM 151H,3.3200000000000003
BIO SCI 2A,3.87
BIO SCI 3B,3.02
BIO SCI 45,2.8084210526315787
BIO SCI 55,2.902727272727273
BIO SCI H90,3.78
BIO SCI E106L,3.6983333333333337
BIO SCI N112A,3.85
BIO SCI M114L,3.3585507246376807
BIO SCI M121,2.8357142857142854
BIO SCI E124,2.8825
BIO SCI M124A,3.0324999999999998
BIO SCI M126,3.436
BIO SCI D130,3.29
BIO SCI D137,2.9457142857142853
BIO SCI D138,3.145
BIO SCI D140,3.72
BIO SCI M143,2.7825
BIO SCI N147,3.3657142857142857
BIO SCI E150,3.2260000000000004
BIO SCI N152,3.277142857142857
BIO SCI E166L,3.6018181818181816
BIO SCI 192,3.9972222222222222
BIO SCI 197,3.9948837209302326
BIO SCI 198,3.9962857142857144
BME 60A,3.3190909090909098
BME 120,3.01
BME 130,2.801
BME 135,3.358571428571428
BME 149,3.6475
BME 160,3.45625
BME 197,3.9875
BME 199,3.9817647058823527
CBEMS 45A,2.3820000000000006
CBEMS 110,2.68
CBEMS 125A,3.036
CBEMS 135,3.178
CBEMS 140A,3.18375
CHEM H2A,3.575
CHEM H2LA,3.683913043478261
CHEM M2LA,3.5423076923076926
CHEM 107,2.8600000000000003
CHEM 131A,2.316666666666667
CHEM 160,3.2933333333333334
CHEM 170,3.1
CHEM H180A,4.0
CHEM 192,3.9988888888888887
CHC/LAT 62,3.4466666666666668
CHC/LAT 63,3.213846153846154
CHC/LAT 101,3.26125
CHC/LAT 110,3.5533333333333332
CHC/LAT 129,3.3589999999999995
CHC/LAT 139,3.381428571428571
CHC/LAT 154,3.6300000000000003
CHC/LAT 155,3.03
CHC/LAT 170,3.1683333333333334
CHINESE 1A,3.5152941176470587
CHINESE 1DA,3.7
CHINESE 1MA,3.43
CHINESE 2A,3.383636363636363
CHINESE 2MA,3.3966666666666665
CHINESE 3A,3.7842857142857143
CHINESE 100A,3.4875
CHINESE 115,3.3958333333333335
ENGRCEE 60,3.052222222222222
ENGRCEE 121,2.965
ENGRCEE 150L,2.6890566037735857
ENGRCEE 153,3.475
ENGRCEE 155,2.7350000000000003
ENGRCEE 169,2.9699999999999998
ENGRCEE 170,2.5387500000000003
ENGRCEE 172,2.71
ENGRCEE 176,3.17875
CLASSIC 37B,3.228
CLASSIC 160,3.5010000000000003
PSYCH 10A,2.97875
PSYCH 56L,3.63125
PSYCH 78A,2.883846153846154
PSYCH H111A,3.763529411764706
PSYCH 112A,3.464444444444444
PSYCH 112LA,3.4929629629629626
PSYCH 120A,3.5007692307692304
PSYCH 130A,3.1491666666666664
PSYCH 131B,3.498571428571428
PSYCH 139,3.112222222222222
PSYCH 141J,3.995
PSYCH 145P,3.455
PSYCH 148A,3.9766666666666666
PSYCH 161H,2.8699999999999997
PSYCH 178N,3.011111111111111
COM LIT 10,3.2321739130434786
COM LIT 60A,3.532142857142857
COM LIT 107,3.4724999999999997
COM LIT 131,3.6399999999999997
COM LIT 143,3.54
COM LIT 150,3.29375
COMPSCI 113,3.81375
COMPSCI 115,2.825
COMPSCI 122A,3.048888888888889
COMPSCI 132,3.1520833333333336
COMPSCI 171,3.5263999999999998
COMPSCI 199,3.95695652173913
CSE 41,3.3287500000000003
CSE 42,2.598666666666667
CSE 45C,3.2060000000000004
CSE 112,2.8544444444444443
CSE 132,2.41
CSE 135A,2.2725
CSE 141,2.763333333333333
CSE 161,2.7837500000000004
CSE 181A,3.855
CRM/LAW C10,3.265757575757576
CRM/LAW C100,3.3702439024390247
CRM/LAW C102,3.1216666666666666
CRM/LAW C103,3.4299999999999997
CRM/LAW C109,2.979
CRM/LAW C112,3.3259999999999996
CRM/LAW C114,2.9728571428571433
CRM/LAW C127,3.3900000000000006
CRM/LAW C131,3.5800000000000005
CRM/LAW C134,3.5766666666666667
CRM/LAW C148,3.32
CRM/LAW C165,2.9699999999999998
CRM/LAW C172,3.265
DANCE 2,3.83625
DANCE 3,3.5234782608695654
DANCE 21A,3.679333333333334
DANCE 52A,3.9337500000000003
DANCE 83,2.88
DANCE 90A,3.5725
DANCE 100,3.6077777777777778
DANCE 103,3.7969999999999997
DANCE 104,3.94875
DANCE 110,3.8266666666666667
DANCE 130A,3.77
DANCE 132A,3.474285714285714
DANCE 133A,3.364375
DANCE 134A,3.4875
DANCE 135A,3.7725
DANCE 142A,3.92625
DANCE 143A,3.69
DANCE 144A,3.7975000000000003
DANCE 152A,3.6236363636363635
DANCE 153A,3.7528571428571427
DANCE 162A,3.9539999999999997
DANCE 176,4.0
DANCE 180C,3.8800000000000003
DANCE 193,3.956491228070176
DANCE 197,3.992857142857143
UNI STU 3,3.7933858267716536
UNI STU 13A,3.2
UNI STU 192,3.94125
DRAMA 10,3.625833333333334
DRAMA 20A,3.71
DRAMA 30A,3.4240000000000004
DRAMA 34,3.408571428571428
DRAMA 35,3.5090909090909084
DRAMA 40A,3.504634146341463
DRAMA 50A,3.688666666666667
DRAMA 50B,3.6645454545454546
DRAMA 50C,3.606190476190476
DRAMA 50D,3.6196428571428574
DRAMA 65,3.8269999999999995
DRAMA 101A,3.8754545454545455
DRAMA 101B,3.919166666666667
DRAMA 101C,3.9209523809523805
DRAMA 101D,3.964
DRAMA 101S,3.9716666666666662
DRAMA 109,3.9939999999999998
DRAMA 123,3.4716666666666662
DRAMA 129W,3.463529411764706
DRAMA 142,3.4895833333333335
DRAMA 143C,3.768333333333333
DRAMA 144,3.953333333333333
DRAMA 145,3.9432432432432427
DRAMA 148C,3.39
DRAMA 149,3.7071428571428577
DRAMA 177,3.936666666666667
DRAMA 182A,3.7670000000000003
DRAMA 183A,3.766666666666667
DRAMA 184,3.4825
EARTHSS 17,2.9491666666666667
EARTHSS 19,3.0300000000000002
EARTHSS 23,3.0963636363636358
EARTHSS 51,2.93375
EARTHSS 60A,3.5375
EARTHSS 110,3.57
EARTHSS 112,3.588
EARTHSS 114,3.3146153846153843
EARTHSS 116,3.0713333333333335
EARTHSS 118,3.3733333333333335
EARTHSS 140,3.2342857142857144
EARTHSS 148,3.3883333333333336
EARTHSS 170,3.455
EARTHSS 190A,3.6933333333333334
E ASIAN 55,3.2588235294117647
E ASIAN 110,3.1160000000000005
E ASIAN 150,3.217142857142857
E ASIAN 190,3.2757142857142854
ECON 1,2.5469999999999997
ECON 105A,3.291818181818182
ECON 107,3.3239999999999994
ECON 123A,3.21375
ECON 125,2.811111111111112
ECON 141B,2.972857142857143
ECON 142A,2.748
ECON 149,3.0843478260869563
EDUC 55,3.84375
EDUC 104D,3.8546428571428577
EDUC 106,3.3887499999999995
EDUC 107,3.140434782608696
EDUC 108,3.3635294117647057
EDUC 122A,3.53875
EDUC 125,3.5755555555555554
EDUC 131,3.5878125
EDUC 134,3.5072222222222225
EDUC 137,3.7861111111111114
EDUC 138,3.6473684210526316
EDUC 141A,3.9633333333333334
EDUC 141G,3.99
EDUC 143BW,3.623333333333333
EDUC 150,3.356315789473684
EDUC 151,3.3726666666666665
EDUC 160,3.2584000000000004
EDUC 173,3.4369565217391305
EDUC 175,3.6222222222222222
EDUC 198,3.967704918032787
EECS 12,3.017894736842105
EECS 22,2.964285714285714
EECS 112,2.695333333333333
EECS 114,3.232857142857143
EECS 116,2.995454545454545
EECS 119,3.291111111111111
EECS 145,3.165625
EECS 148,3.178181818181819
EECS 152A,2.64
EECS 159A,3.5533333333333332
EECS 170A,2.7874999999999996
EECS 170LA,3.3032203389830506
EECS 170D,3.385
EECS 179,3.4099999999999997
EECS 188,3.05875
ENGR 1A,2.885
ENGR 7A,3.83875
ENGR 150,2.78
ENGLISH 12,3.4575
ENGLISH 28A,3.254444444444444
ENGLISH 28C,3.1100000000000003
ENGLISH 28D,3.338
ENGLISH 100,3.292272727272727
ENGLISH 101W,3.429193548387097
ENGLISH 102B,3.2539999999999996
ENGLISH 102D,3.3975000000000004
ENGLISH 106,3.472153846153846
EURO ST 10,3.565555555555555
FLM&MDA 101C,3.215
FLM&MDA 110,3.2857777777777772
FLM&MDA 115,3.2275
FLM&MDA 160,3.3862499999999995
FLM&MDA 161,3.49
FLM&MDA 185,3.3942857142857146
FLM&MDA 190,3.28875
FLM&MDA 191,3.57
FRENCH 1A,3.5393023255813953
FRENCH 2A,3.311851851851852
FRENCH 50,3.385454545454545
FRENCH 100A,3.5075
FRENCH 101A,3.373333333333333
FRENCH 150,3.2560000000000002
FRENCH 160,3.3649999999999998
GEN&SEX 20,3.533333333333333
GEN&SEX 50A,3.449375
GEN&SEX 60A,3.5100000000000002
GEN&SEX 139,3.2199999999999998
GERMAN 1A,3.474
GERMAN 2A,3.4259999999999997
GREEK 1A,3.45625
HISTORY 10,3.37125
HISTORY 12,3.3175
HISTORY 15E,3.14
HISTORY 16A,3.435714285714286
HISTORY 37B,3.1
HISTORY 50,3.334285714285714
HISTORY 70A,3.2360869565217394
HISTORY 70E,3.49625
HISTORY 100W,3.4967605633802816
HISTORY 112D,3.453333333333333
HISTORY 130B,3.18
HISTORY 142B,3.2525
HISTORY 144G,3.255
HISTORY 166A,3.79
HISTORY 169,3.1795
HISTORY 170D,2.93
HISTORY 172E,3.17
HISTORY 183,3.769166666666667
HISTORY 190,3.5051282051282047
HUMAN 1A,3.295507246376812
HUMAN 1AS,3.1879828326180255
HUMAN 1AES,2.6864
HUMAN H1AS,3.5456302521008403
HUMAN 10,3.052941176470588
HUMAN H120,3.8947826086956527
HUMAN H140,3.9699999999999998
IN4MATX 115,3.600769230769231
IN4MATX 121,3.4384615384615382
IN4MATX 125,3.73375
IN4MATX 133,3.5211111111111113
IN4MATX 161,3.649285714285714
IN4MATX 171,3.7222222222222223
IN4MATX 191B,3.7664999999999997
I&C SCI 3,3.4100000000000006
I&C SCI 32,2.8545238095238092
I&C SCI 45J,3.1772222222222224
I&C SCI 60,3.492352941176471
I&C SCI 193,3.9908333333333332
INTL ST 105A,3.24
INTL ST 111C,3.22
INTL ST 112A,3.322666666666667
INTL ST 151B,3.4133333333333336
INTL ST 154W,2.7337499999999997
INTL ST 179,3.2831578947368425
INTL ST 183A,3.448611111111111
INTL ST 189,3.396
ITALIAN 1A,3.448571428571429
ITALIAN 2A,3.4828571428571427
ITALIAN 150,3.4484615384615376
JAPANSE 1A,3.0805454545454545
JAPANSE 2A,3.1186363636363637
JAPANSE 3A,3.2333333333333334
JAPANSE 100A,3.6439999999999997
KOREAN 1A,3.533529411764706
KOREAN 1KA,3.6666666666666665
KOREAN 2A,3.289285714285714
KOREAN 2KA,3.1966666666666668
KOREAN 3A,3.5085714285714285
LATIN 1A,3.2511111111111113
LATIN 100,3.4133333333333336
LINGUIS 2,3.325833333333333
LINGUIS 10,2.891666666666667
LINGUIS 51,3.556
LIT JRN 20,3.5021428571428563
LIT JRN 21,3.221935483870968
LIT JRN 101BW,3.600579710144927
LIT JRN 103,3.434166666666666
LPS 40,3.5125
MGMT 110,3.7103124999999997
MGMT 141,3.4849999999999994
MGMT 151,3.765
MGMT 160,3.05
MGMT 190,3.6499275362318846
MGMT 191W,3.6082758620689663
MATH 112A,2.8362499999999997
MATH 113A,3.1574999999999998
MATH 118,3.1475
MATH 120A,2.676551724137931
MATH 140A,2.6839999999999997
MATH 147,2.6222727272727275
MATH 150,2.6674999999999995
ENGRMAE 107,3.312307692307693
ENGRMAE 108,2.9074999999999998
ENGRMAE 110,3.3024999999999998
ENGRMAE 117,3.3799999999999994
ENGRMAE 136,2.788571428571429
ENGRMAE 188,3.6904545454545454
ENGRMAE 189,3.8856613756613756
ENGRMAE 195,3.7720000000000002
MUSIC 10,3.474347826086957
MUSIC 15A,2.8535714285714286
MUSIC 16A,3.165
MUSIC 16D,3.035
MUSIC 25,3.492
MUSIC 40B,2.43375
MUSIC 82A,3.786
MUSIC 156A,3.83
MUSIC 160,3.9633333333333334
MUSIC 161,4.0
MUSIC 171,3.893333333333333
MUSIC 176,3.950384615384615
MUSIC 178,3.9985714285714287
NUR SCI 110W,3.91
NUR SCI 112LA,3.6799999999999997
NUR SCI 114A,3.555
NUR SCI 118A,3.52375
NUR SCI 130,3.565
NUR SCI 132,3.58875
PERSIAN 1A,3.9216666666666664
PERSIAN 2A,3.932
PERSIAN 50,3.9210000000000003
PHRMSCI 171,3.2877777777777784
PHRMSCI 174,3.305
PHILOS 2,3.1537142857142864
PHILOS 103,3.2212500000000004
PHILOS 105A,2.8442857142857148
PHILOS 106,3.1733333333333333
PHILOS 116,3.35
PHILOS 122,2.9933333333333336
PHILOS 132,2.9333333333333336
PHILOS 140,3.6818181818181817
PHY SCI 5,3.601724137931035
PHY SCI 139W,3.431923076923077
PHYSICS 14,3.2455555555555557
PHYSICS 17,3.1399999999999997
PHYSICS 52A,3.22888111888112
PHYSICS 60,2.913333333333333
PHYSICS 99,3.6925
PHYSICS 111A,2.976
PHYSICS 113B,3.4375
PHYSICS 115A,2.97625
PHYSICS 116,3.151111111111111
PHYSICS 194,3.5413333333333337
PP&D 100,3.0461538461538464
PP&D 101,3.013333333333333
PP&D 105,3.105
PP&D 107,3.1233333333333335
PP&D 108,3.3025
PP&D 153,3.27
PP&D 167,3.44
PP&D 172,3.8200000000000003
POL SCI 120,3.485
POL SCI 121C,3.046666666666667
POL SCI 122BW,2.9233333333333333
POL SCI 124E,3.625
POL SCI 130A,3.3899999999999997
POL SCI 136B,3.41
POL SCI 142D,2.9099999999999997
POL SCI 146B,3.382857142857143
POL SCI 154F,3.3699999999999997
POL SCI 156D,3.3737500000000002
POL SCI 159,3.2361702127659577
POL SCI 171AW,3.2755555555555556
POL SCI H182A,3.95
PSY BEH 116D,2.8659999999999997
PSY BEH 121D,3.0700000000000003
PSY BEH 136H,2.4475
PSY BEH 137H,3.0411111111111113
PSY BEH 139H,3.1260000000000003
PSY BEH 140H,3.483333333333333
PSY BEH 150C,3.25
PSY BEH 183S,2.872
PSY BEH 192E,2.58
PSY BEH 192T,3.2920000000000003
PSY BEH 192V,3.3618181818181814
PSY BEH 193B,2.8200000000000003
PSY BEH 196,3.930625
PUBHLTH 80,2.7341176470588238
PUBHLTH 102,3.3683333333333336
PUBHLTH 105,3.724444444444445
PUBHLTH 139,3.495833333333333
PUBHLTH 146,3.7337499999999997
PUBHLTH 147,3.2816666666666667
PUBHLTH 163,3.2199999999999998
PUBHLTH 168,3.6811111111111106
PUBHLTH H192A,3.9539999999999997
PUBHLTH 194A,3.705
PUBHLTH 194C,3.8814285714285717
PUBHLTH 199,3.994848484848484
REL STD 5A,3.3579999999999997
ROTC 11,3.8783333333333334
ROTC 141,3.8425000000000002
ROTC 197,3.97
RUSSIAN 1A,3.63875
RUSSIAN 2A,3.515
RUSSIAN 50,3.405789473684211
SOCECOL E127,3.60625
SOCECOL H190A,3.9375
SOCECOL 199,3.976914893617021
SOC SCI H1G,3.4519999999999995
SOC SCI 2A,3.2287500000000002
SOC SCI 5D,3.29625
SOC SCI 10A,2.815128205128205
SOC SCI 66,3.59625
SOC SCI 115D,3.308888888888889
SOC SCI 165,3.17
SOC SCI 172AW,3.4404878048780487
SOC SCI 183A,3.457777777777778
SOC SCI 183CW,3.351428571428572
SOC SCI 193A,3.0862499999999997
SOC SCI 196,3.9214285714285717
SOC SCI 198,3.973478260869565
SOCIOL 10A,2.8425000000000002
SOCIOL 31,2.6676923076923083
SOCIOL 44,3.1625
SOCIOL 51,3.336
SOCIOL 56,2.7266666666666666
SOCIOL 65,3.11
SOCIOL 134,3.1325
SOCIOL 154,3.2337500000000006
SOCIOL 158CW,3.335714285714286
SOCIOL 159,3.279000000000001
SOCIOL 174,3.2193333333333327
SOCIOL 180AW,3.1768181818181818
SOCIOL H188A,3.9714285714285715
SPANISH 1A,3.4250000000000003
SPANISH 1B,3.3789285714285713
SPANISH 1C,3.395692307692307
SPANISH 2A,3.3723529411764703
SPANISH 2AB,3.0020000000000002
SPANISH 2B,3.3445714285714283
SPANISH 2C,3.3314999999999997
SPANISH 3B,3.313
SPANISH 101A,3.6850000000000005
SPANISH 101B,3.6658823529411766
SPANISH 105,3.45
SPANISH 110B,3.69
SPANISH 113B,2.99
SPANISH 130C,3.5830769230769235
SPANISH 160,3.752727272727273
STATS 110,3.434375
UCDC 180,3.6436363636363636
VIETMSE 1A,3.5925
VIETMSE 2A,3.56875
WRITING 31,3.547945205479452
WRITING 37,3.035896226415095
WRITING 91,3.6925
WRITING 111,3.8049999999999997
AFAM 115,3.5566666666666666
AFAM 143,3.563636363636364
AFAM 153,3.085
AFAM 162W,3.99625
ANTHRO 10B,2.9312500000000004
ANTHRO 30B,3.0228571428571422
ANTHRO 121AW,3.2366666666666664
ANTHRO 121J,3.3766666666666665
ANTHRO 125A,2.981666666666667
ANTHRO 127A,3.39
ANTHRO 128B,3.4616666666666664
ANTHRO 129,3.6071428571428577
ANTHRO 134F,3.69
ANTHRO 136B,3.4200000000000004
ANTHRO 141A,3.0599999999999996
ANTHRO 152A,2.906
ANTHRO 169,3.450487804878049
ARABIC 1B,3.6762499999999996
ARABIC 2B,3.6466666666666665
ART 1B,3.4044444444444446
ART 9B,3.633
ART 11A,3.7340000000000004
ART 12A,3.702727272727273
ART 50B,3.88375
ART 51,3.795
ART 65C,2.825
ART 71B,3.8711111111111114
ART 81B,3.9875000000000003
ART 95,3.7636842105263155
ART 121A,3.9050000000000002
ART 128,3.808461538461539
ART 150,3.822857142857143
ART 150F,3.716666666666667
ART 152E,3.4
ART 153,3.9240000000000004
ART 156,3.91
ART 190,3.955
ART HIS 40B,3.20625
ART HIS 42B,3.2675
ART HIS 111B,3.67
ART HIS 125,3.6950000000000003
ART HIS 140A,3.26
ART HIS 165D,3.18
ART HIS 190W,3.36
ART HIS 198,3.5741666666666667
ASIANAM 52,3.3627272727272723
ASIANAM 110,3.482
ASIANAM 143,3.075
ASIANAM 144,3.7
ASIANAM 150,3.577222222222223
ASIANAM 151F,3.78375
ASIANAM 164,3.608571428571428
BIO SCI 9B,3.0966666666666662
BIO SCI 9E,3.4859999999999998
BIO SCI 25,3.0
BIO SCI 44,2.995714285714286
BIO SCI N112B,3.98
BIO SCI N113L,3.2064545454545446
BIO SCI E118,3.6142857142857143
BIO SCI N120,3.8666666666666667
BIO SCI M124B,3.224285714285714
BIO SCI M130L,3.69
BIO SCI D132,3.485
BIO SCI E137,3.115
BIO SCI M137,3.334285714285714
BIO SCI E142W,3.293333333333333
BIO SCI D145,3.1674999999999995
BIO SCI N155,3.97
BIO SCI N160,3.22
BIO SCI N164,3.426666666666667
BIO SCI N166,3.51
BIO SCI N172,3.4275
BIO SCI N173,3.8683333333333336
BIO SCI E175,3.13
BIO SCI E182,3.11
BIO SCI E183,3.4169999999999994
BIO SCI M190,3.5666666666666664
BME 60B,3.237692307692308
BME 110B,3.13125
BME 121,2.79
BME 136,3.286
BME 140,3.38375
BME 147,3.3625
BME 148,3.60375
CBEMS 45B,2.9839999999999995
CBEMS 119,3.665
CBEMS 125B,2.682
CBEMS 130,2.9539999999999997
CBEMS 140B,3.1925000000000003
CBEMS 149A,3.4299999999999997
CBEMS 199,3.9379999999999997
CHEM M2LB,3.556451612903226
CHEM H2B,3.5324999999999998
CHEM H2LB,3.6753846153846155
CHEM M52LB,3.2651515151515147
CHEM 107L,3.0663333333333336
CHEM 127,3.1390000000000002
CHEM 128L,3.2978000000000005
CHEM 131B,2.733333333333333
CHEM 152,3.2493333333333334
CHEM 177,2.66125
CHEM H180B,4.0
CHEM 193,3.855
CHC/LAT 102W,3.3949999999999996
CHC/LAT 114,3.39
CHC/LAT 152A,2.925
CHC/LAT 156W,3.49
CHC/LAT 159,3.504
CHC/LAT 160,2.99
CHC/LAT 176,3.4233333333333333
CHC/LAT 183,3.8006666666666664
CHINESE 1B,3.5147058823529407
CHINESE 1DB,3.56
CHINESE 1MB,3.4987500000000002
CHINESE 2B,3.4699999999999998
CHINESE 2MB,3.356666666666667
CHINESE 3B,3.6916666666666664
CHINESE 100B,3.4583333333333335
ENGRCEE 80,2.5749999999999997
ENGRCEE 81B,3.33
ENGRCEE 111,2.9699999999999998
ENGRCEE 122,3.1937499999999996
ENGRCEE 130,2.2314285714285718
ENGRCEE 130L,3.595
ENGRCEE 151A,2.3225
ENGRCEE 152,3.524285714285714
ENGRCEE 162,3.04375
ENGRCEE 165,3.3783333333333334
ENGRCEE 171,2.86625
ENGRCEE 173,3.6371428571428575
ENGRCEE 178,3.42875
ENGRCEE 198,3.9957142857142856
CLASSIC 36A,3.58
CLASSIC 37A,3.232
CLASSIC 140,3.54
PSYCH 10B,3.1757142857142857
PSYCH 111BW,3.7424999999999997
PSYCH H111B,3.7325
PSYCH 112BW,3.6725
PSYCH 112LB,3.7106250000000003
PSYCH 112R,3.1757142857142853
PSYCH 112LR,3.171428571428571
PSYCH 114M,3.337142857142857
PSYCH 122I,3.4628571428571426
PSYCH 127A,3.015
PSYCH 127G,2.95
PSYCH 135M,3.41
PSYCH 140M,3.365
PSYCH 141K,3.9775
PSYCH 145Q,3.95
PSYCH 146MW,3.1383333333333336
PSYCH 148B,3.9349999999999996
PSYCH 161,2.7000000000000006
PSYCH 162N,3.645
PSYCH 174E,2.91
PSYCH 179,4.0
COM LIT 60B,3.2925
COM LIT 100A,3.23
COM LIT 130,3.73
COM LIT 190W,3.6633333333333327
COMPSCI 112,3.0254545454545454
COMPSCI 116,3.34125
COMPSCI 121,3.527272727272728
COMPSCI 122B,3.164444444444444
COMPSCI 133,2.9371428571428573
COMPSCI 134,2.9655555555555555
COMPSCI 142A,2.9607692307692304
COMPSCI 143B,3.505833333333333
COMPSCI 162,3.0025
COMPSCI 167,3.2857142857142856
COMPSCI 175,3.6709090909090905
COMPSCI 178,3.4825
CSE 46,2.6815384615384614
CSE 70A,2.3111111111111113
CSE 90,3.688333333333334
CSE 132L,3.155
CSE 135B,3.17
CSE 142,2.71
CSE 181B,3.893333333333333
CRM/LAW C40,2.42
CRM/LAW C105,2.555
CRM/LAW C110,3.479166666666666
CRM/LAW C113,3.3339999999999996
CRM/LAW C115,3.0225000000000004
CRM/LAW C116,3.3200000000000003
CRM/LAW C122,3.603636363636363
CRM/LAW C126,3.61
CRM/LAW C139,3.316923076923077
CRM/LAW C144,3.1675
CRM/LAW C149,2.5460000000000003
CRM/LAW C162,3.502222222222222
CRM/LAW C178,3.684444444444445
CRM/LAW C191,3.385
DANCE 52B,3.8844444444444446
DANCE 60B,3.8642857142857143
DANCE 90B,3.3025
DANCE 132B,3.617857142857143
DANCE 133B,3.333125
DANCE 134B,3.50625
DANCE 135B,3.77875
DANCE 139,3.93125
DANCE 142B,3.8287500000000003
DANCE 143B,3.615
DANCE 144B,3.682857142857143
DANCE 152B,3.7830769230769232
DANCE 153B,3.69875
DANCE 154B,3.93
DANCE 162B,4.0
DANCE 170,3.9887500000000005
DANCE 179,3.982727272727273
UNI STU 10,3.86125
UNI STU 13B,3.685
UNI STU 45,3.9771428571428573
DRAMA 11,2.63
DRAMA 20B,3.03
DRAMA 30B,3.402564102564103
DRAMA 40B,3.5412499999999993
DRAMA 50F,3.18
DRAMA 100,3.993888888888889
DRAMA 101E,3.961111111111111
DRAMA 103,3.2824999999999998
DRAMA 126W,3.765
DRAMA 132A,3.7
DRAMA 136,3.918333333333333
DRAMA 143A,3.6420000000000003
DRAMA 146,3.7914285714285714
DRAMA 148A,2.856
DRAMA 164B,3.8049999999999997
DRAMA 182B,3.623333333333333
DRAMA 183B,3.765
DRAMA 199,3.9657142857142853
EARTHSS 21,2.89625
EARTHSS 53,3.03125
EARTHSS 60B,3.5549999999999997
EARTHSS 124,3.215
EARTHSS 134,3.521818181818182
EARTHSS 144,3.4185714285714286
EARTHSS 164,3.35
EARTHSS 174,3.43
EARTHSS 178,3.15
EARTHSS 180,3.47
EARTHSS 190B,3.7980000000000005
E ASIAN 116,3.2533333333333334
E ASIAN 120,3.2528571428571422
E ASIAN 130,3.128
E ASIAN 140,3.1225
ECON 105B,3.0918181818181822
ECON 116A,2.9645454545454553
ECON 123B,3.2888888888888888
ECON 142CW,3.57125
ECON 144A,3.0622222222222217
ECON 145E,2.7766666666666664
ECON 147B,2.863846153846154
ECON 151A,2.84
ECON 152A,2.957777777777778
ECON H155,3.94
ECON 161B,3.3275
ECON 161D,3.473333333333333
ECON 164AW,2.9985714285714287
ECON H190A,3.8057142857142856
ECON 199,3.9976923076923074
EDUC 10,3.3544999999999994
EDUC 104E,3.8900000000000006
EDUC 109,3.9387499999999998
EDUC 122B,3.6033333333333335
EDUC 130,3.660555555555556
EDUC 141H,4.0
EDUC 143AW,3.652727272727273
EDUC 145,3.833636363636363
EDUC 149,3.470833333333333
EDUC 181A,3.424285714285715
EECS 22L,3.6133333333333333
EECS 101,2.8499999999999996
EECS 112L,3.2875
EECS 118,3.083333333333333
EECS 141A,3.03125
EECS 144,3.2771428571428567
EECS 152B,2.90875
EECS 159B,3.927058823529412
EECS 166A,2.594285714285714
EECS 170B,2.817333333333333
EECS 170LB,3.6418644067796606
EECS 170E,3.33625
EECS 174,3.36375
EECS 180A,2.84875
EECS 199,3.943666666666666
ENGR 7B,3.771818181818182
ENGR 30,2.4727777777777775
ENGR 100,3.9633333333333334
ENGLISH 8,3.3076923076923075
ENGLISH 10,3.3181578947368418
ENGLISH 28B,3.174
EURO ST 11,3.474545454545455
FLM&MDA 85B,3.160714285714286
FLM&MDA 101A,3.138
FLM&MDA 111,3.83125
FLM&MDA 114,3.25
FLM&MDA 117B,3.6700000000000004
FLM&MDA 120B,3.836875
FRENCH 1B,3.475454545454546
FRENCH 1C,3.4285294117647056
FRENCH 2B,3.3227272727272723
FRENCH 100B,3.5524999999999998
FRENCH 116,3.76
GEN&SEX 50B,3.3853333333333335
GEN&SEX 60B,3.5316666666666663
GEN&SEX 100A,3.184
GEN&SEX 100B,3.2357142857142853
GEN&SEX 110B,3.198
GEN&SEX 157A,3.504
GEN&SEX 165B,3.2775
GEN&SEX 188A,3.4166666666666665
GERMAN 1B,3.493529411764706
GERMAN 1AB,3.5716666666666668
GERMAN 130,3.42
GERMAN 150,3.594285714285714
GLBLCLT 191,3.3966666666666665
GREEK 1B,3.7399999999999998
HISTORY 15A,3.2299999999999995
HISTORY 16B,3.36
HISTORY 18A,3.436000000000001
HISTORY 36A,3.42
HISTORY 37A,3.25
HISTORY 70F,3.6870000000000003
HISTORY 110D,3.385
HISTORY 122B,3.275
HISTORY 132B,3.855
HISTORY 135G,3.0366666666666666
HISTORY 142A,3.54375
HISTORY 152,3.4659999999999997
HISTORY 163,2.9325
HISTORY 164B,3.58
HISTORY 171E,3.41
HUMAN 1B,3.4580327868852465
HUMAN 1BS,3.2123600000000003
HUMAN 1BES,2.727692307692308
HUMAN H1BS,3.603240740740741
HUMAN 55,3.226
IN4MATX 113,3.6036363636363635
IN4MATX 117,3.769166666666667
IN4MATX 122,3.57625
IN4MATX 141,3.2089473684210525
IN4MATX 151,3.3069230769230766
IN4MATX 172,3.806666666666667
IN4MATX 191C,3.6
IN4MATX 199,3.894285714285714
I&C SCI 4,3.348333333333333
I&C SCI 5,3.386
I&C SCI 53,3.070833333333333
I&C SCI 53L,3.0996124031007755
I&C SCI 61,3.5425
I&C SCI 160,2.98
I&C SCI 161,3.6566666666666667
I&C SCI 167,3.28875
I&C SCI 169B,3.77
INTL ST 111B,2.6559999999999997
INTL ST 114A,2.6260000000000003
INTL ST 143A,3.032
INTL ST 165,3.2075
INTL ST 174,3.49
INTL ST 177B,3.17
INTL ST 183B,3.7920000000000003
ITALIAN 1B,3.3633333333333333
ITALIAN 2B,3.315
JAPANSE 1B,2.995531914893617
JAPANSE 2B,3.1035
JAPANSE 3B,3.2762499999999997
JAPANSE 100B,3.6133333333333333
JAPANSE 101A,3.71
KOREAN 1B,3.4725806451612904
KOREAN 1KB,3.64
KOREAN 2B,3.2730769230769234
KOREAN 2KB,3.33
KOREAN 3B,3.6266666666666665
LATIN 103,3.473333333333333
LINGUIS 20,2.968
LINGUIS 175,3.235
LIT JRN 100,3.2212500000000004
LIT JRN 101A,3.4975
LPS 30,3.4205263157894743
LPS H80,3.62
LPS H125,3.84
LPS H141,3.7459999999999996
MGMT 133,3.411
MGMT 149,3.507142857142857
MGMT 152,3.52
MGMT 165,3.745
MGMT 167,3.9
MGMT 178,3.71625
MGMT 189,3.5427272727272725
MATH 105B,3.223125
MATH 105LB,3.588125
MATH 112B,2.8275
MATH 120B,2.7566666666666664
MATH 121B,2.7100000000000004
MATH 130B,2.7519354838709673
MATH 133A,2.919090909090909
MATH 140B,2.8172093023255815
MATH 161,2.734285714285715
ENGRMAE 60,2.7476923076923074
ENGRMAE 112,2.8833333333333333
ENGRMAE 114,3.2257142857142855
ENGRMAE 146,2.76375
ENGRMAE 147,2.909166666666667
ENGRMAE 151,3.435
ENGRMAE 152,3.1900000000000004
ENGRMAE 153,3.1028571428571428
ENGRMAE 157,3.1866666666666665
ENGRMAE 158,2.9125
ENGRMAE 164,3.14
ENGRMAE 199,3.938333333333334
MUSIC 15B,2.9000000000000004
MUSIC 16B,3.097777777777778
MUSIC 40C,2.6412500000000003
MUSIC 42,2.365
MUSIC 45,2.8685714285714288
MUSIC 51,3.734545454545455
MUSIC 82B,3.854
MUSIC 150,3.71
MUSIC 155,3.0075
MUSIC 156B,3.69
MUSIC 162,3.93125
MUSIC 180W,3.36
NUR SCI 112LB,3.6075
NUR SCI 114B,3.6500000000000004
NUR SCI 118B,3.4137500000000003
NUR SCI 125,3.9575
NUR SCI 135,3.9725
NUR SCI 150,3.4922222222222223
NUR SCI 160,3.96875
NUR SCI 179A,3.8975
PERSIAN 1B,3.904
PHRMSCI 177,3.1325
PHRMSCI 177L,3.5421666666666667
PHRMSCI 199,4.0
PHILOS 11,2.74
PHILOS 22,3.327777777777778
PHILOS 100W,2.81
PHILOS 113,3.013333333333333
PHILOS 120,2.89625
PHILOS 142W,3.29
PHILOS 144,3.317142857142857
PHY SCI 105,3.596315789473684
PHYSICS 20B,3.36375
PHYSICS 21,3.0383333333333336
PHYSICS 52B,3.2314814814814814
PHYSICS 61A,2.8925
PHYSICS H90,3.4650000000000003
PHYSICS 111B,2.91625
PHYSICS 112A,2.555
PHYSICS 125A,3.33375
PHYSICS 137,3.001666666666667
PHYSICS 138,2.9857142857142853
PP&D 102,3.0375
PP&D 113,3.3666666666666667
PP&D 131,3.4250000000000003
PP&D 139,3.035
PP&D 151,3.0766666666666667
PP&D 152,3.41
PP&D 170,2.3899999999999997
POL SCI 6C,3.1366666666666667
POL SCI 121A,3.318333333333334
POL SCI 122A,3.108571428571428
POL SCI 124A,3.8374999999999995
POL SCI 136D,3.26
POL SCI 137BW,3.4059999999999997
POL SCI 139,3.057142857142857
POL SCI 143G,2.93125
POL SCI 145A,3.83
POL SCI 151C,2.975
POL SCI 152C,3.27
POL SCI 158D,3.25625
POL SCI 171F,3.072
POL SCI 171G,2.975
POL SCI 174CW,2.8733333333333335
POL SCI 199,3.925
PSY BEH 112D,2.642
PSY BEH 113D,2.724
PSY BEH 114D,2.61
PSY BEH 160C,3.442
PSY BEH 163C,3.3525
PSY BEH 171S,3.105
PSY BEH 178S,2.378
PSY BEH 180S,3.38
PSY BEH 190,3.79
PSY BEH 192J,3.3
PSY BEH 193E,2.735
PSY BEH 193G,3.19
PUBHLTH 60,3.6675000000000004
PUBHLTH 106,3.825
PUBHLTH 120,3.6185714285714288
PUBHLTH 129,3.5300000000000002
PUBHLTH 151,3.02
PUBHLTH H192B,4.0
PUBHLTH 193,3.7075
PUBHLTH 194B,3.9375
REL STD 5B,3.33
REL STD 140,2.85
ROTC 142,3.822
RUSSIAN 1B,3.6175
RUSSIAN 2B,3.5199999999999996
RUSSIAN 150,3.3620000000000005
SOCECOL 111,3.4775
SOC SCI H1F,3.69125
SOC SCI 5B,3.4414285714285713
SOC SCI 40,3.30375
SOC SCI 70A,2.9133333333333336
SOC SCI 78B,3.28375
SOC SCI 102A,3.675
SOC SCI 119,3.3957142857142855
SOC SCI 173G,3.61
SOC SCI 173I,3.41
SOC SCI 178F,3.6700000000000004
SOC SCI 183B,3.755
SOC SCI 185W,3.0477272727272724
SOC SCI 193B,3.29
SOC SCI 195B,3.832
SOC SCI 199,3.9957142857142856
SOCIOL 10B,2.927
SOCIOL 41,3.2075
SOCIOL 64,3.486666666666667
SOCIOL 120W,3.374
SOCIOL 136,3.0066666666666664
SOCIOL 149,2.84
SOCIOL 155BW,3.388333333333333
SOCIOL 164W,2.983333333333333
SOCIOL 170A,3.152
SOCIOL 179,3.3699999999999997
SPANISH 1AB,3.161428571428572
SPANISH 3A,3.2433333333333336
SPANISH 107,2.9799999999999995
SPANISH 119,3.745384615384615
SPANISH 123,3.8225000000000002
SPANISH 185,3.7655555555555558
SPANISH 190,3.771111111111111
STATS 111,3.637142857142856
STATS 120B,3.222222222222222
VIETMSE 1B,3.57375
VIETMSE 2B,3.7485714285714287
WRITING 90,3.6927272727272724
WRITING 101W,3.7321428571428568
AFAM 163,3.7300000000000004
ANTHRO 2C,2.804117647058823
ANTHRO 10C,3.2425
ANTHRO 125X,3.1075000000000004
ANTHRO 128A,3.314
ANTHRO 128C,3.7120000000000006
ANTHRO 134C,3.39
ANTHRO 135A,3.4
ANTHRO 136D,3.3659999999999997
ANTHRO 151A,3.4699999999999998
ANTHRO 163A,2.96
ANTHRO 164A,3.415
ANTHRO 165A,3.3625
ARABIC 1C,3.6714285714285713
ARABIC 2C,3.76
ART 1C,3.2275
ART 9C,3.6763636363636363
ART 12B,3.2659999999999996
ART 20B,3.7810526315789477
ART 50C,3.96
ART 106C,3.74
ART 121B,3.7339999999999995
ART 125,3.9266666666666663
ART 130A,3.7760000000000007
ART 131,3.54
ART 152A,3.7307692307692313
ART HIS 40C,3.2275
ART HIS 42C,3.24
ART HIS 114,3.7080000000000006
ART HIS 120,3.502
ART HIS 145C,3.692857142857143
ART HIS 150,3.07
ART HIS 162C,3.266666666666667
ASIANAM 53,3.42375
ASIANAM 100W,3.53375
ASIANAM 117,3.76
ASIANAM 138,3.4766666666666666
ASIANAM 151D,3.69
ASIANAM 163,3.715
ASIANAM 168,3.4799999999999995
BIO SCI 9K,3.595
BIO SCI 43,2.96
BIO SCI 47,3.3642857142857143
BIO SCI 75,3.20625
BIO SCI D105,3.035
BIO SCI N112C,3.5
BIO SCI E115L,3.1925
BIO SCI M116,3.27
BIO SCI M119,3.87875
BIO SCI E120,3.29875
BIO SCI M120,3.255
BIO SCI M125,3.078333333333333
BIO SCI D133,3.302222222222222
BIO SCI D135,3.5033333333333334
BIO SCI E140L,3.4425
BIO SCI D148,2.5566666666666666
BIO SCI N150,3.5366666666666666
BIO SCI E151,3.0675
BIO SCI E153,2.958571428571428
BIO SCI N153,3.55
BIO SCI N154,3.5625
BIO SCI N159,3.58
BIO SCI E160,3.4
BIO SCI E161L,3.985
BIO SCI E172,3.1550000000000002
BIO SCI E189,3.22
BIO SCI H195,3.9413333333333336
BME 60C,3.2275
BME 110C,3.1185714285714283
BME 111,3.12125
BME 150,3.12
BME 170,3.51875
BME 180C,3.785
BME 195,3.6426666666666665
CBEMS 45C,2.605
CBEMS 50L,3.87
CBEMS 112,3.0100000000000002
CBEMS 125C,2.492
CBEMS 133,3.505
CBEMS 141,3.0150000000000006
CBEMS 149B,3.6020000000000003
CBEMS 160,3.0260000000000002
CBEMS 165,3.054
CBEMS 169,2.912
CBEMS 189C,3.622
CBEMS 191,3.9050000000000002
CHEM H2C,3.4225000000000003
CHEM H2LC,3.684
CHEM M3C,3.1316666666666664
CHEM M52LC,3.276666666666667
CHEM H90,3.38125
CHEM 125,3.0650000000000004
CHEM 131C,3.356666666666667
CHEM 137,3.07
CHEM 138,3.8525000000000005
CHEM 156,3.1316666666666664
CHEM H180C,4.0
CHEM H181W,3.9925
CHC/LAT 65,2.955714285714286
CHC/LAT 134,3.5399999999999996
CHC/LAT 150,2.9625
CHC/LAT 161,2.8449999999999998
CHC/LAT 163,3.055
CHC/LAT 167,2.73
CHC/LAT 169,3.318181818181819
CHC/LAT 178A,3.505714285714286
CHINESE 1C,3.4693750000000003
CHINESE 1DC,3.6
CHINESE 1MC,3.5637499999999998
CHINESE 2C,3.33875
CHINESE 2MC,3.585
CHINESE 3C,3.645
ENGRCEE 11,2.8227272727272728
ENGRCEE 21,3.0387500000000003
ENGRCEE 110,3.06
ENGRCEE 123,2.88875
ENGRCEE 124,3.1125
ENGRCEE 151C,3.2775
ENGRCEE 156,2.6449999999999996
ENGRCEE 160,3.07625
ENGRCEE 163,3.07625
ENGRCEE 181C,3.65
CLASSIC 36B,3.4387499999999998
CLASSIC 37C,3.0700000000000003
CLASSIC 45C,3.3687500000000004
PSYCH 10C,3.5100000000000002
PSYCH 21A,3.341666666666667
PSYCH H101C,3.9125
PSYCH H111C,3.8625000000000003
PSYCH 112C,3.775
PSYCH 112D,3.2825
PSYCH 112LD,3.245
PSYCH 120P,3.4385714285714286
PSYCH 121P,3.78
PSYCH 121S,3.3633333333333333
PSYCH 124V,3.5025
PSYCH 140L,2.7214285714285715
PSYCH 141L,3.995
PSYCH 143P,2.8083333333333336
PSYCH 145R,3.9299999999999997
PSYCH 148C,3.986666666666667
PSYCH 149,3.2991666666666664
PSYCH 150,3.3214285714285716
PSYCH 162A,2.19
PSYCH 169,3.5936842105263165
COM LIT 60C,3.5612500000000002
COM LIT 120,3.4
COM LIT 132,3.69
COMPSCI 117,3.51375
COMPSCI 122C,2.73
COMPSCI 131,2.9775
COMPSCI 137,3.3274999999999997
COMPSCI 145A,3.83
COMPSCI 145B,3.8577777777777778
COMPSCI 154,3.233333333333333
COMPSCI 163,3.165
COMPSCI 164,3.18
CSE 43,3.039375
CSE 145A,3.8433333333333333
CSE 181CW,3.31
CRM/LAW C104,3.4177777777777774
CRM/LAW C111,3.4699999999999998
CRM/LAW C130,2.4999999999999996
CRM/LAW C145,3.5625
CRM/LAW C163,3.123333333333333
DANCE 52C,3.8442857142857143
DANCE 60C,3.9200000000000004
DANCE 90C,3.31625
DANCE 132C,3.486666666666667
DANCE 133C,3.385333333333334
DANCE 134C,3.52
DANCE 135C,3.8587499999999997
DANCE 137,3.9057142857142857
DANCE 142C,3.8287500000000003
DANCE 143C,3.6862500000000002
DANCE 144C,3.8285714285714287
DANCE 152C,3.825454545454545
DANCE 153C,3.8775
DANCE 154C,3.75
DANCE 164,3.936
DANCE 165,3.9842857142857144
DANCE 171,3.975
DANCE 172,3.9859999999999998
DANCE 195,3.8600000000000003
UNI STU 13C,2.915
UNI STU 100,3.774
UNI STU 190,3.92875
DRAMA 30C,3.4217073170731713
DRAMA 40C,3.6015789473684214
DRAMA 60,3.7760000000000007
DRAMA 83,3.46
DRAMA 112W,3.328888888888889
DRAMA 129,3.7873684210526313
DRAMA 134,3.658
DRAMA 190,3.9828571428571427
DRAMA 191,3.957142857142857
DRAMA 192,3.9957142857142856
DRAMA 193,3.9385714285714286
DRAMA 194,3.947142857142857
EARTHSS 7,2.80625
EARTHSS 55,2.95625
EARTHSS 60C,3.2600000000000002
EARTHSS 101,3.34
EARTHSS 132,3.268571428571429
EARTHSS 138,3.2028571428571433
EARTHSS 142,3.1174999999999997
EARTHSS 182,3.3920000000000003
EARTHSS 190CW,3.566666666666667
ECON 17,3.0125
ECON 105C,3.2775
ECON 116B,3.225
ECON 123CW,3.248571428571428
ECON 139,3.435
ECON 144B,2.911111111111111
ECON 145FW,3.0300000000000002
ECON 148,3.1487499999999997
ECON 154,3.629
ECON 162,3.13625
ECON 164C,2.9316666666666666
ECON 165,3.217777777777778
ECON 167,3.086153846153846
ECON 190BW,3.8042857142857147
EDUC 15,3.2744444444444447
EDUC 122C,3.545
EDUC 126,3.433333333333334
EDUC 128,3.6064705882352937
EDUC 132,3.625
EDUC 141C,3.9875
EDUC 141I,4.0
EDUC 148,3.751818181818182
EDUC 185,3.252
EDUC 190,3.31
EDUC 191,3.62
EDUC 199,3.893529411764706
EECS 1,3.706363636363636
EECS 20,3.1242857142857146
EECS 40,2.8925
EECS 111,3.17
EECS 113,3.64
EECS 117,3.3285714285714287
EECS 141B,3.07
EECS 159CW,3.33
EECS 170C,2.7653846153846158
EECS 170LC,3.2945454545454544
EECS 176,3.2283333333333335
EECS 180B,3.0516666666666663
EECS 182,3.0300000000000002
ENGR 165,3.095714285714286
ENGR 189,3.5620000000000003
ENGLISH 11,3.3171428571428576
EURO ST 190W,3.66
FLM&MDA 85C,3.33
FLM&MDA 101B,3.2350000000000003
FLM&MDA 117C,3.7533333333333334
FLM&MDA 120C,3.847142857142857
FLM&MDA 144,3.29375
FRENCH 2C,3.3889473684210527
FRENCH 101C,3.4875
FRENCH 140,3.78
FRENCH 185,3.085
GEN&SEX 50C,3.3766666666666665
GEN&SEX 60C,3.6475
GEN&SEX 100C,3.3599999999999994
GEN&SEX 110A,3.5740000000000003
GEN&SEX 110C,3.59
GEN&SEX 120A,3.5199999999999996
GEN&SEX 120B,3.358571428571428
GEN&SEX 189,3.425
GERMAN 1C,3.3550000000000004
GERMAN 1BC,3.3499999999999996
GERMAN 2C,3.6228571428571428
GERMAN 97,4.0
GREEK 1C,3.425
HISTORY 15F,3.4899999999999998
HISTORY 16C,3.27875
HISTORY 36B,3.4075
HISTORY 37C,3.15
HISTORY 70B,3.4377777777777774
HISTORY 70D,3.326363636363636
HISTORY 126B,3.235
HISTORY 132H,3.6833333333333336
HISTORY 148B,3.08
HISTORY 166,3.12625
HISTORY 172G,3.3375
HISTORY 180,3.56
HUMAN 1C,3.5519148936170217
HUMAN 1CS,3.312007722007722
HUMAN H1CS,3.664166666666667
IN4MATX 124,3.248571428571428
IN4MATX 132,3.6025000000000005
IN4MATX 134,3.811111111111111
IN4MATX 143,3.495
IN4MATX 153,3.457142857142857
IN4MATX 163,3.618
IN4MATX 190,3.3599999999999994
I&C SCI 62,3.475714285714286
I&C SCI 163,3.55375
I&C SCI 166,3.7322222222222226
I&C SCI 168,3.76
INTL ST 117A,2.8899999999999997
INTL ST 131A,2.9333333333333336
INTL ST 145A,3.258666666666667
INTL ST 152A,2.63
INTL ST 156A,3.3899999999999997
INTL ST 158B,2.634285714285714
INTL ST 161A,3.27875
INTL ST 175A,3.043333333333333
INTL ST 176I,2.84
INTL ST 177D,3.23125
ITALIAN 1C,3.3353333333333333
ITALIAN 2C,3.2166666666666663
JAPANSE 1C,3.089
JAPANSE 2C,3.1287499999999997
JAPANSE 3C,3.29
JAPANSE 101B,3.71
KOREAN 1C,3.4699999999999998
KOREAN 1KC,3.3833333333333333
KOREAN 2C,3.1763636363636363
KOREAN 2KC,3.2024999999999997
LATIN 1C,3.5399999999999996
LINGUIS 155,3.47
LPS 31,3.607692307692308
MGMT 138,3.5330769230769232
MGMT 144,3.3316666666666666
MGMT 147,3.836
MGMT 150,3.448571428571429
MGMT 173,3.4966666666666666
MGMT 174,3.4933333333333336
MGMT 182,3.5462499999999997
MGMT 192,3.348333333333333
MATH 8,3.28875
MATH 107,3.1916666666666664
MATH 107L,3.5316666666666667
MATH 112C,3.222
MATH 115,3.0425
MATH 130C,2.9110000000000005
MATH 140C,3.0225
MATH 141,3.0375
MATH 180B,2.9440000000000004
MATH 184,3.01375
ENGRMAE 106,3.4299999999999997
ENGRMAE 113,3.508333333333333
ENGRMAE 118,3.6075
ENGRMAE 135,2.8575
ENGRMAE 145,3.5844444444444443
ENGRMAE 155,2.7575000000000003
ENGRMAE 159,3.3062500000000004
ENGRMAE 175,3.09
MUSIC 16C,3.0928571428571425
MUSIC 40D,2.86125
MUSIC 82C,3.781428571428571
MUSIC 132,3.22
MUSIC 136,3.52
MUSIC 148,3.6981818181818187
MUSIC 164,3.9293333333333336
MUSIC 189,4.0
NUR SCI 120,3.7442857142857138
NUR SCI 140,3.82
NUR SCI 170,3.88625
NUR SCI 179B,3.9514285714285715
PERSIAN 1C,3.8783333333333334
PHRMSCI 170B,3.339
PHRMSCI 173,2.9675
PHRMSCI 176,2.98
PHILOS 31,3.475
PHILOS 101,3.1371428571428566
PHILOS 102W,3.3949999999999996
PHILOS 111,2.7566666666666664
PHILOS 130,3.1941666666666664
PHILOS 150,3.3674999999999997
PHYSICS 20E,3.346428571428571
PHYSICS 50,3.2089999999999996
PHYSICS 51A,2.7075
PHYSICS 52C,3.2217857142857147
PHYSICS 53,3.1928571428571426
PHYSICS 61B,3.06875
PHYSICS 112B,2.6750000000000003
PHYSICS 113A,2.757777777777777
PHYSICS 121W,3.309375
PHYSICS 144,3.0033333333333334
PHYSICS 147C,3.5
PP&D 40,3.1024999999999996
PP&D 103,3.31
PP&D 110,3.2266666666666666
PP&D 112,3.652
PP&D 132,3.3625
PP&D 166,3.165
POL SCI 6B,3.1100000000000003
POL SCI 32A,3.2688888888888887
POL SCI 126C,2.925
POL SCI 126D,3.22
POL SCI 126F,3.6566666666666667
POL SCI 135B,3.0300000000000002
POL SCI 137C,3.005
POL SCI 138CW,3.425
POL SCI 142G,2.84
POL SCI 151H,3.224
POL SCI 152F,2.9000000000000004
POL SCI 153B,3.385
POL SCI 154G,3.387142857142858
POL SCI 155C,3.12875
POL SCI 156A,3.436666666666666
POL SCI 171B,3.28
POL SCI 172A,3.309333333333333
PSY BEH 100,3.005
PSY BEH 110D,2.3949999999999996
PSY BEH 111D,2.5260000000000002
PSY BEH 138H,2.8175
PSY BEH 162C,3.434
PSY BEH 192I,2.6
PSY BEH 192K,2.605
PSY BEH 192U,3.3519999999999994
PUBHLTH 125,3.4036363636363642
PUBHLTH 126,3.71375
PUBHLTH 148,3.5528571428571425
PUBHLTH 167,3.32
PUBHLTH 171,3.4000000000000004
PUBHLTH 173,3.44
PUBHLTH 180,3.44125
PUBHLTH H192C,3.972
REL STD 5C,3.335
REL STD 100,3.428
REL STD 103,2.825
ROTC 13,3.8333333333333326
RUSSIAN 1C,3.52
RUSSIAN 2C,3.4942857142857138
SOCECOL H190W,3.8987499999999997
SOC SCI H1E,3.33
SOC SCI 5A,3.5475
SOC SCI 70C,3.062
SOC SCI 123A,2.97
SOC SCI 170A,3.0862499999999997
SOC SCI 181A,3.38875
SOC SCI 184B,3.935
SOC SCI 193C,3.3125
SOCIOL 10C,3.29125
SOCIOL 43,3.19875
SOCIOL 68A,3.1014285714285714
SOCIOL 138,2.61
SOCIOL 144,2.9536363636363636
SOCIOL 150,3.1499999999999995
SOCIOL 161,3.169166666666667
SOCIOL 167AW,3.264285714285714
SOCIOL 169,3.4044444444444446
SOCIOL 170B,2.9825
SOCIOL 175B,3.225
SOCIOL 188BW,3.9749999999999996
SPANISH 50,3.6254545454545455
SPANISH 97,3.74
SPANISH 104,3.71
SPANISH 110C,3.5066666666666664
SPANISH 186,3.6679999999999993
SPANISH 187,3.4766666666666666
STATS 120C,3.1366666666666667
VIETMSE 1C,3.45625
VIETMSE 2C,3.5912500000000005
WRITING 110,3.923333333333334
ANTHRO 136K,3.7116666666666664
ASIANAM 55,3.708333333333334
PSYCH 177P,2.69
GEN&SEX 175,3.37
GLBLCLT 103B,3.196
HISTORY 15D,3.466666666666667
PSY BEH 153C,3.225
PUBHLTH 150,3.9120000000000004
SOCIOL 156,3.2455555555555557
AFAM 113,3.9233333333333333
ANTHRO 136A,3.5500000000000003
ART 50A,3.875
ART 199,3.9493750000000003
ART HIS 155A,3.33
ART HIS 183C,3.41
ARTS 1,3.838
ASIANAM 137,3.313333333333334
ASIANAM 151K,3.5400000000000005
BIO SCI 41,3.2980000000000005
BIO SCI N115A,3.535555555555556
BIO SCI E117A,4.0
BIO SCI M123,3.872
BIO SCI N131,3.6475
BIO SCI E155,3.8542857142857136
BME 110A,2.89625
CBEMS 158,3.245
CBEMS 195,3.221428571428571
CHEM M52LA,3.1566666666666667
CHC/LAT H80,2.98
CHC/LAT 132A,3.02
CHC/LAT 151,2.73
ENGRCEE 81A,3.0650000000000004
PSYCH 109,3.68
PSYCH 147C,2.87
PSYCH 165A,4.0
COM LIT 9,3.615714285714285
COM LIT 102W,3.526923076923077
COMPSCI 111,3.0414285714285714
COMPSCI 169,3.275714285714286
COMPSCI 179,3.72
DANCE 127A,3.8
DANCE 163,3.9528571428571424
DRAMA 14,3.635
DRAMA 143B,3.752
DRAMA 148B,3.526
E ASIAN 117,2.98
E ASIAN 160,3.111666666666667
ECON 23,3.3534782608695655
ECON 115,3.26875
ECON 131A,2.7437500000000004
EECS 160A,2.565
EECS 160LA,2.917307692307692
FLM&MDA 143,3.58
FRENCH 117,3.5100000000000002
GEN&SEX 120C,3.515
GEN&SEX 167A,3.47
GLBLCLT 103A,3.8125
HEBREW 50,3.7199999999999998
HISTORY 102B,3.28
HISTORY 135B,3.9699999999999998
HISTORY 140B,3.29
HISTORY 152A,3.4266666666666663
HISTORY 166C,3.208333333333334
IN4MATX 191A,3.857368421052631
I&C SCI 162,3.5471428571428576
INTL ST 122,3.6062499999999997
INTL ST 142A,2.5949999999999998
INTL ST 153C,3.5
INTL ST 153E,3.64
INTL ST 177E,3.168333333333333
INTL ST H180,3.9240000000000004
LPS H81,4.0
LPS H95,3.73
MGMT 4A,3.4066666666666663
MATH 5A,2.545714285714286
MATH 5B,2.6990000000000003
MATH 9,3.1177777777777775
MUSIC 68,3.95
MUSIC 145,2.86
MUSIC 146,3.632
MUSIC 158A,3.626666666666667
MUSIC 193,4.0
MUSIC 197,3.982
PHILOS 133,3.1675000000000004
PHYSICS 20D,3.17125
PHYSICS 139,2.8383333333333334
PP&D 104,3.146
POL SCI 124B,3.742
POL SCI 153G,3.23
POL SCI 175,3.01
PSY BEH 154C,2.955
SOCECOL 183CW,3.2818181818181817
SOC SCI 78A,3.1457142857142864
SPANISH 15,3.88
SPANISH 110A,3.763333333333333
SPANISH 140,3.59375
VIETMSE 150,3.77
AFAM 40B,3.600909090909091
AFAM 117,2.86
ANTHRO 125C,3.1550000000000002
ANTHRO 132A,3.5014285714285713
ARABIC 51,3.9066666666666663
ART 65E,3.1900000000000004
ART 119A,3.9
ART 126B,3.786
ART 132A,3.9200000000000004
ART 133,3.67
ART 144,3.6999999999999997
ART HIS 44,3.448333333333333
ART HIS 110,3.81
ART HIS 121,3.22
ART HIS 134C,3.344
ART HIS 134E,3.58
ASIANAM 151C,3.643333333333333
ASIANAM 166,3.6233333333333335
ASIANAM 167,3.18
BIO SCI D113,4.0
BIO SCI M114,3.3525000000000005
BIO SCI N115B,3.4175
BIO SCI E117B,4.0
BIO SCI N119,3.485
BIO SCI E145,3.7433333333333336
BIO SCI N151,3.5666666666666664
BIO SCI E184,3.8000000000000003
BME 138,3.847142857142857
CBEMS 164,3.2875
CHC/LAT 166,3.7199999999999998
CLASSIC 160W,3.33
CLASSIC 170,3.44
PSYCH 165B,3.99
PSYCH 173A,3.57125
PSYCH 176A,2.9283333333333332
COM LIT 122,3.69
COMPSCI 125,3.338333333333333
COMPSCI 184A,3.3200000000000003
COMPSCI 190,3.7521428571428572
CRM/LAW C133,3.0300000000000002
CRM/LAW C164,3.5583333333333336
CRM/LAW C180,2.948
DANCE 85,3.44
DRAMA 16,3.8480000000000003
DRAMA 164A,3.89
EARTHSS 152,2.825
ECON 117,2.8
ECON 143,3.5075
ECON 147A,3.183333333333333
EDUC 141B,3.9499999999999997
EDUC 158,3.5841666666666665
EDUC 161,3.6566666666666667
ENGR 80,2.5425
FRENCH 1AB,3.2942857142857145
FRENCH 101B,3.466666666666667
FRENCH 119,3.6050000000000004
GEN&SEX 157B,3.185
GERMAN 2B,3.575
GLBLCLT 105,2.565
HISTORY 36C,3.435
HISTORY 120D,3.3666666666666667
HISTORY 151B,3.3033333333333332
HISTORY 154,3.3975
HISTORY 166B,3.7100000000000004
HISTORY 171D,2.9259999999999997
HISTORY 173G,3.4879999999999995
HISTORY 193,3.901666666666667
HUMAN H80,3.7842857142857143
IN4MATX 162W,3.618
INTL ST 142D,3.3966666666666665
INTL ST 158D,3.2971428571428567
INTL ST 177G,3.395
LATIN 1B,3.3366666666666673
LATIN 104,3.535
LINGUIS 1,3.0450000000000004
LPS H91,3.786666666666667
MGMT 146A,3.235714285714286
MGMT 155,3.476
MGMT 166,3.8528571428571428
MGMT 171,3.7616666666666667
MATH 117,3.0125
ENGRMAE 172,3.48
MUSIC 41,3.25
MUSIC 143W,2.33
MUSIC 158B,3.62
PHILOS 151,3.06
PP&D 142,3.1166666666666667
PP&D 155,3.4433333333333334
PP&D 177,3.695
POL SCI H80,3.98
POL SCI 125A,3.2479999999999998
POL SCI 138A,3.3150000000000004
POL SCI 141C,3.495714285714286
POL SCI 142B,3.7328571428571427
POL SCI 152K,2.455
PSY BEH 141H,2.9749999999999996
PSY BEH 174S,2.72
PSY BEH 192Q,3.2649999999999997
PSY BEH 193C,3.2649999999999997
PUBHLTH 141,2.765
PUBHLTH 179,3.3066666666666666
ROTC 132,3.912
SOCECOL 183B,3.795
SOCECOL 190,3.61
SOCIOL 166,3.205
SOCIOL 198,3.985
WRITING 113,3.76
AFAM 111B,3.0700000000000003
AFAM 137,3.4766666666666666
ANTHRO 121D,3.252
ANTHRO 150A,3.3600000000000003
ART 91,3.8575
ART 108,3.9071428571428575
ART 119,3.89
ART 141,3.885
ART 150C,3.8311111111111114
ART 152C,3.88
ART HIS 107,3.2133333333333334
ART HIS 164B,3.3575
ART HIS 165C,3.14
ART HIS 185,3.33
BIO SCI 2C,4.0
BIO SCI 9G,3.06
BIO SCI E117C,4.0
BIO SCI E131L,3.908181818181818
BIO SCI N134,4.0
BIO SCI N138,3.296666666666667
BIO SCI E139,3.436
BIO SCI E168,3.4074999999999998
BIO SCI N176,3.9633333333333334
BIO SCI E188,3.3150000000000004
CBEMS 143,3.87
CBEMS 174,3.29
CHEM 153,3.064
PSYCH 124S,3.39
PSYCH 156A,3.55
PSYCH 165C,4.0
COM LIT 144,3.6049999999999995
COMPSCI 114,3.2483333333333335
COMPSCI 146,2.6633333333333336
COMPSCI 165,3.3066666666666666
CSE 145B,4.0
CRM/LAW C101,3.29
CRM/LAW C140,3.6875
CRM/LAW C175,3.414285714285714
DRAMA 176,3.428333333333333
EARTHSS 27,2.6633333333333336
EARTHSS 162,3.448333333333334
ECON 158,3.0475000000000003
EDUC 176,3.3728571428571428
EECS 163,3.2039999999999997
EECS 163L,3.3628571428571425
FLM&MDA 151,3.385
FRENCH 1BC,3.294285714285714
FRENCH 97,3.98
FRENCH 120,3.5875
GEN&SEX 155,3.7040000000000006
HISTORY 11,3.592857142857143
HISTORY 15G,3.4766666666666666
HISTORY 131B,3.4979999999999998
HISTORY 166D,3.1239999999999997
HISTORY 194,3.8350000000000004
IN4MATX 102,3.5340000000000003
IN4MATX 148,3.6816666666666666
INTL ST 153B,3.19
INTL ST 155A,3.4975
INTL ST 176C,2.874
INTL ST 177C,3.058
LINGUIS 150,3.44
MGMT 4B,3.4228571428571426
MGMT 113,3.5628571428571427
MGMT 123,3.7116666666666673
MATH 120C,3.1266666666666665
MUSIC 15C,3.1649999999999996
MUSIC 158C,3.84
NUR SCI 199,4.0
PERSIAN 150,3.98
PHILOS 7,3.96
PHYSICS 61C,3.07
PHYSICS 133,3.5574999999999997
PHYSICS 145,3.356666666666667
PP&D 156,3.733333333333334
POL SCI 131C,2.794285714285714
POL SCI 134F,3.2866666666666666
POL SCI 141E,3.9480000000000004
POL SCI 142J,3.1514285714285712
POL SCI 151B,3.032
POL SCI 171CW,3.46
PSY BEH 184S,3.535
PUBHLTH 107,3.0042857142857144
REL STD 110,3.82
REL STD 120,3.62
ROTC 23,3.97
ROTC 133,3.9760000000000004
ROTC 153,4.0
SOCECOL 195C,3.6
SOC SCI 179,3.726
SPANISH 3H,3.711111111111111
BIO SCI 14,3.3760000000000003
BIO SCI 11,3.717333333333334
ECON 129,3.052857142857143
ECON 141A,3.3899999999999997
ENGR 195,3.285
I&C SCI 11,2.98
INTL ST 32A,3.2083333333333335
MGMT 111,3.636
PHRMSCI 76,3.1950000000000003
PHRMSCI 198,3.9285714285714284
PUBHLTH 30,3.101666666666667
STATS 199,2.7300000000000004
AFAM 157,2.9
AFAM 158,3.755
ANTHRO 162C,2.84
ART 12C,3.0075000000000003
ART 138,3.7359999999999998
ART HIS 151B,3.073333333333333
ART HIS 155D,3.3449999999999998
ASIANAM 151J,3.83
BIO SCI H93,3.836
BIO SCI E127,3.7424999999999997
CBEMS 128,2.9166666666666665
CBEMS 154,2.92
CBEMS 163,3.28
CHEM 133,2.7750000000000004
ENGRCEE 149,3.3260000000000005
ENGRCEE 181A,3.5883333333333334
CLASSIC 10,3.955
COM LIT 160,3.374
DANCE 80,3.045
DRAMA 80,3.6545454545454548
DRAMA 109W,4.0
DRAMA 118,3.7100000000000004
EARTHSS 158,3.52
EARTHSS 168,3.59
E ASIAN 170,3.0833333333333335
FLM&MDA 113,3.11
GLBL ME 60A,3.7020000000000004
HISTORY 134D,3.56
INTL ST 153D,3.56
INTL ST 154C,3.91
INTL ST 176L,3.28
INTL ST 183CW,3.16125
LINGUIS 164A,2.995
PHILOS 110,3.5883333333333334
POL SCI 10A,3.18
POL SCI 122B,3.4699999999999998
POL SCI 198,3.932
PSY BEH 152C,2.79
ROTC 21,3.9033333333333338
ROTC 131,3.918
SOC SCI 163A,2.045
SOCIOL 143,2.8000000000000003
AFAM 134A,3.65
ANTHRO 125F,3.4299999999999997
ART 152B,3.83
ASIANAM 111,3.41
ASIANAM 199,3.94
BIO SCI 23,3.8633333333333333
BIO SCI 56,3.686666666666666
BIO SCI 108,3.936666666666667
BIO SCI E138,3.08
BIO SCI M144,3.19
BIO SCI E154,3.0500000000000003
BIO SCI N156,3.17
CBEMS 65A,3.0733333333333337
CBEMS 155L,3.385
CHC/LAT 132B,3.2199999999999998
CHC/LAT 148W,2.9299999999999997
CHC/LAT 199,3.9879999999999995
PSYCH 174H,3.4175
COM LIT 121,3.5
COMPSCI 172B,3.479999999999999
CRM/LAW C123,3.435
UNI STU 196,3.886
EARTHSS 176W,3.33
ECON 127A,3.1950000000000003
ECON 137W,3.2133333333333334
EDUC 180,3.605882352941176
EURO ST 101A,3.7649999999999997
FRENCH 118,3.31
GLBL ME 60B,3.8475
HISTORY 124B,3.14
HISTORY 134E,3.69
HISTORY 164A,3.665
HUMAN H141,3.97
INTL ST 141B,2.81
KOREAN 101A,3.51
MGMT 156,3.4400000000000004
MATH 162A,3.0933333333333333
MATH 199B,3.7040000000000006
MED HUM 1,3.6799999999999997
MUSIC 44,2.92
MUSIC 126,4.0
MUSIC 144W,2.8433333333333333
PERSIAN 2B,3.9275
PHRMSCI 163,3.6033333333333335
PHILOS 123,3.0949999999999998
PHILOS 145,3.09
PP&D 115,3.37
PP&D 130,3.385
PP&D 178,2.91
POL SCI 10B,3.67
POL SCI 121F,3.205
POL SCI 123B,3.8166666666666664
POL SCI 128C,2.8819999999999997
POL SCI 138AW,3.425
POL SCI 157B,3.2414285714285715
POL SCI H180D,3.6100000000000003
PSY BEH 117D,3.0
PSY BEH 193F,3.1966666666666668
PUBHLTH 119,3.7700000000000005
ROTC 12,3.9859999999999998
SOCECOL 111W,3.4539999999999997
SOC SCI 172D,2.41
SOCIOL 164,2.996666666666666
SOCIOL 171,3.4839999999999995
SOCIOL 176,2.9299999999999997
SPANISH 3J,3.67
SPANISH 121,3.7275
AFAM 111A,2.59
ANTHRO 126A,3.165
ART HIS 42D,3.236666666666667
ART HIS 155C,3.48
ART HIS 164A,3.183333333333333
BIO SCI 2B,3.37
BIO SCI M180,3.9183333333333334
BIO SCI N182,3.7716666666666665
BME 137,3.371666666666666
CBEMS 65B,2.84
CHC/LAT 157,3.1674999999999995
CHC/LAT 158,3.4519999999999995
CHC/LAT 189,3.4325
ENGRCEE 164,3.3733333333333335
COGS 110,3.5420000000000003
PSYCH 121M,2.915
PSYCH 131A,3.5866666666666664
COMPSCI 145,3.772727272727273
COMPSCI 145L,3.7697727272727275
COMPSCI 177,3.2183333333333337
CSE 145,3.896666666666667
CSE 145L,3.98
CRM/LAW C128,3.21
CRM/LAW C132,2.824
CRM/LAW C150,2.675
DRAMA 118W,3.695
DRAMA 195,3.9825
EARTHSS 115,3.3000000000000003
E ASIAN 1A,3.36
E ASIAN 126,3.2175
ECON 109,3.1775
EURO ST 12,3.125384615384615
GEN&SEX 170,3.76
GERMAN 105,3.53
GLBL ME 60C,3.875
HISTORY 131D,3.2899999999999996
HISTORY 132E,3.34
HISTORY 134C,3.505
HISTORY 174G,2.7466666666666666
HUMAN H142W,3.9560000000000004
INTL ST 147CW,3.754
INTL ST 183E,3.3775
ITALIAN 1BC,3.05
KOREAN 3C,3.5519999999999996
MGMT 115,3.5236363636363635
MGMT 154,3.3000000000000003
MGMT 199,4.0
MATH 133B,3.1755555555555555
ENGRMAE 132,2.66
ENGRMAE 171,2.955
MED HUM 3,3.4516666666666667
MED HUM 195,4.0
MUSIC 9,3.0575
MUSIC H80,3.8975
MUSIC 145W,3.4583333333333335
PERSIAN 2C,3.9560000000000004
PHILOS 13,3.3475
PHILOS 104,2.766
PHILOS 121,3.08
PHYSICS 15,3.2760000000000007
PHYSICS H80,3.546666666666667
PHYSICS 135,2.723333333333333
PP&D 133,3.33
POL SCI 10C,3.06
POL SCI 128BW,3.018
ROTC 143,3.7975
RUSSIAN 190,3.77
SOCECOL 100,3.4850000000000003
SOCECOL 195CW,3.9516666666666667
SOC SCI 78C,3.286
SOC SCI 178C,3.89
SOCIOL 79,3.28
SOCIOL 172,2.9633333333333334
STATS 68,3.5883333333333334
STATS 112,3.878333333333334
BIO SCI 6,3.2575
BIO SCI 92,3.29
CHEM 12,3.1799999999999997
CHEM M2A,3.1885714285714286
DRAMA 20C,3.7739999999999996
ECON 122CW,2.6999999999999997
EDUC 25,3.4642857142857144
MGMT 194,3.525714285714286
ENGRMAE 93,3.869901960784314
SOCECOL H20A,2.74
STATS 298,3.21
AFAM 125,2.855
AFAM 145,2.06
AFAM 152,3.555
ART HIS 151C,2.875
ART HIS 164D,3.0433333333333334
ART HIS 164E,2.85
ART HIS 196,3.585
ASIANAM 162,3.55
BIO SCI 46,4.0
BIO SCI N120A,3.97375
BIO SCI E190,3.58
CHEM H30A,3.7025
CHEM 101W,3.195
CHEM 132A,2.8
CHC/LAT 162A,2.6950000000000003
ENGRCEE 195,3.865
CLASSIC 176,4.0
COGS 109,3.7925
COM LIT 105,3.5366666666666666
COM LIT 140,3.5866666666666664
COMPSCI 183,3.8866666666666667
CRM/LAW C117,3.17
E ASIAN 15K,2.67
ECON 11,3.12
EDUC 152,3.735
EDUC 179W,3.4018181818181814
ENGLISH 15,3.4767567567567563
FLM&MDA 146,3.3239999999999994
FLM&MDA 192,3.785555555555556
FRENCH 139W,3.465
GERMAN 101,3.7
HISTORY 131C,3.385
HISTORY 135E,3.215
I&C SCI 32A,2.816666666666667
INTL ST 153F,3.7
LINGUIS 139,2.62
MATH H3A,3.0066666666666664
MATH 199A,3.936666666666667
ENGRMAE 193,3.9042857142857144
PP&D 145,3.46
POL SCI 136BW,3.48
PSY BEH 115D,2.87
PSY BEH 127D,2.8600000000000003
PSY BEH 164C,2.85
PUBHLTH 196A,3.57
SOCECOL 195W,3.643333333333334
SPPS 70A,2.9699999999999998
SOC SCI 173N,3.405
SOC SCI 177B,3.445
WRITING 39AP,3.1030555555555557
ART 110C,3.62
ART 123B,3.914
ART HIS 145B,3.675
BIO SCI N120B,3.985
BIO SCI M131,3.7099999999999995
CHEM M2B,3.442
CHEM 132B,2.7114285714285713
CHEM 141,3.3383333333333334
CHEM 180,4.0
ENGRCEE 151B,3.178
CLASSIC 150,3.38
EARTHSS H30B,3.6999999999999997
EARTHSS 40A,3.442
EARTHSS 100,3.45
EARTHSS 146,3.4875
E ASIAN 15J,3.26
ECON 12,3.1350000000000002
FLM&MDA 118B,3.49
FRENCH 171,3.13
GERMAN 102,3.63
HISTORY 130C,3.03
HISTORY 132D,3.42
HISTORY 136D,3.32
HUMAN H82,3.38
INTL ST 162B,3.26
INTL ST 177I,3.295
LINGUIS 43,3.275
LINGUIS 151,3.73
LINGUIS 169,3.5
LPS 91,3.412
MATH H2D,3.09
MATH 113B,2.9225000000000003
MATH 173B,3.455
MUSIC 131,3.475
PHILOS 108,3.83
PHYSICS 120,3.3340000000000005
PSY BEH 188S,2.5
PSY BEH 192B,3.55
PUBHLTH 196B,3.57
ROTC 22,4.0
SOC SCI 152A,2.785
SOCIOL 173W,3.126666666666667
STATS 115,3.468571428571429
ANTHRO 198,4.0
ART 115W,3.94
ART HIS 128,3.61
ART HIS 134D,3.365
ART HIS 165B,3.45
BIO SCI 101,3.5300000000000002
BIO SCI N120C,3.9725
BIO SCI M121L,3.818571428571428
BIO SCI M133,3.6766666666666663
CBEMS 115,3.565
CHEM 132C,2.654285714285714
CHEM 180W,3.62
CHC/LAT 135,3.436666666666667
CHINESE 100C,3.535
COMPSCI 142B,3.3800000000000003
CRM/LAW C118,3.41
EARTHSS H30C,3.7725
EARTHSS 40B,3.0420000000000003
E ASIAN 15C,3.09
EDUC 193,3.9071428571428575
EECS 198,4.0
ENGLISH 16,3.691818181818182
ENGLISH 17,3.5291666666666672
HISTORY 130F,3.4850000000000003
HISTORY 185,3.71
INTL ST 142G,3.56
LINGUIS 159,3.72
LINGUIS 164B,3.05
LINGUIS 168S,3.59
MATH H2E,3.57
MATH 133C,3.1860000000000004
MATH 184L,3.928
MATH 199C,3.975
NUR SCI 179BW,3.99
PHRMSCI 3,3.804
PHYSICS 106W,3.716
PHYSICS 134A,3.46
PP&D 129,3.74
POL SCI 49,3.06
POL SCI 121G,3.4433333333333334
POL SCI 154J,3.5949999999999998
POL SCI 174C,3.315
PSY BEH 185S,3.3333333333333335
PUBHLTH 132,3.52
PUBHLTH 172,3.804
PUBHLTH 189,3.5683333333333334
REL STD 110W,3.2
SOCECOL 189,3.9675000000000002
SOC SCI 173L,2.03
SOCIOL 157A,3.575
EURO ST S10,3.6799999999999997
POL SCI 154C,3.62
EURO ST S11,3.678
INTL ST 140A,3.185
AFAM 199,2.39
ANTHRO 25A,3.62875
ARMN 1A,3.82
ART HIS 100,3.5275000000000003
ART HIS 163,3.21
BIO SCI N117,3.6325000000000003
BIO SCI E186L,3.1366666666666667
CHEM 199,4.0
COM LIT 142,3.64
UNI STU 85A,3.18
EARTHSS 70B,3.6675
ECON 145L,3.4650000000000003
EDUC 147,3.6075
ENGR 199,3.51
FLM&MDA 162,3.4525000000000006
FLM&MDA 193,3.9025000000000003
FRENCH 62,3.36
FRENCH 170,3.4133333333333336
HISTORY 134A,3.71
HISTORY 160,3.105
HUMAN H83,3.38
INTL ST 1,3.815555555555555
INTL ST 17,3.84
MATH H120A,3.06
MATH H140A,2.26
NUR SCI 116,3.605
PHILOS 131C,3.564285714285714
PHILOS 162,3.52
PHILOS 164,3.315
POL SCI 45A,3.657142857142857
POL SCI 138DW,3.145
POL SCI 147CW,3.9025
POL SCI 174A,3.4066666666666667
PUBHLTH 7A,3.5
PUBHLTH 174,3.41
REL STD 17,2.76
SOC SCI 12,2.7800000000000002
SOC SCI 17,3.793333333333333
SOC SCI H30D,3.925
UPPP 4,3.62
UPPP 40,3.138
UPPP 100,3.503333333333334
UPPP 101,3.4575
UPPP 102,3.1875
UPPP 145,3.4933333333333336
UPPP 166,3.435
UPPP 172,3.6171428571428565
AFAM 156,3.77
ANTHRO 30C,3.295
ARMN 1B,3.83
ART 152F,2.85
BIO SCI 12,3.55
BIO SCI E160L,4.0
BIO SCI N190,3.49
CHC/LAT 179,3.635
PSYCH 122C,3.505
PSYCH 159,3.63
PSYCH 199,4.0
CRM/LAW C174,2.7866666666666666
UNI STU 176,3.9920588235294123
UNI STU 198,3.996301369863014
DRAMA 185,3.91
EARTHSS 70A,3.1674999999999995
ECON 126,3.86
ECON 128,3.846666666666667
EDUC 157,3.625
ENGR 180,3.53
ENGLISH 9,3.585
ENGLISH 10B,3.0866666666666664
GEN&SEX 171,3.535
GEN&SEX 184,3.39
HISTORY 128C,3.6533333333333338
INTL ST 163,3.7125000000000004
LINGUIS 143,2.77
MGMT 196,3.4266666666666663
MATH 10,3.3261538461538462
MATH 110A,3.16
MUSIC 48,3.6937499999999996
MUSIC 147,3.6366666666666667
NUR SCI 179AW,3.995
PHILOS 3,3.1888888888888887
PHILOS 91,3.375
PHILOS 121A,3.4
PHYSICS 113C,3.625
POL SCI 11C,3.4133333333333336
POL SCI 154KW,3.25
REL STD 130,3.88
SOC SCI 4A,3.7819999999999996
SOCIOL 177W,3.426666666666667
UPPP H30E,3.9333333333333336
UPPP 108,3.215
UPPP 113,3.3266666666666667
UPPP 131,3.4875
UPPP 139,3.4600000000000004
UPPP 142,3.51
UPPP 146,3.3433333333333337
UPPP 152,3.59
UPPP 153,3.49
UPPP 178,3.1725
AFAM 159,3.203333333333333
ANTHRO 45A,3.4633333333333334
ANTHRO 134B,3.635
ANTHRO 138,3.69
ANTHRO 148,3.86
ARMN 1C,3.9400000000000004
ART 132B,3.9633333333333334
ART 170,3.66
ART 190B,3.8925
BIO SCI N174,3.215
CHC/LAT 121,3.13
CRM/LAW C182,2.93
DANCE 160,3.88
DRAMA 121,3.19
EARTHSS 40C,3.17
EARTHSS 171,3.2
EARTHSS 177W,3.3725
E ASIAN 192W,3.16
ECON 146A,3.12
EDUC 52,3.0200000000000005
EDUC 142,3.31
EDUC 144,3.316666666666667
EECS 195,3.6277777777777778
ENGLISH 11C,3.54
FRENCH 180,3.5
GEN&SEX 197,3.643333333333333
IN4MATX H81,3.91
IN4MATX 139W,3.376666666666667
IN4MATX H198,3.75
I&C SCI 7,3.7000000000000006
INTL ST 12,2.9614285714285713
INTL ST 16,3.7016666666666667
INTL ST 115,3.72
LINGUIS 109,3.74
LINGUIS 115,3.21
LINGUIS 119,3.18
LINGUIS 181C,4.0
MATH 110B,3.5683333333333334
ENGRMAE 183,3.9800000000000004
ENGRMAE 184,3.5833333333333335
MUSIC 46,3.536
MUSIC 47,3.7325
PHRMSCI 179,3.85
PHILOS 115,3.05
PHILOS 165,3.2566666666666664
PHYSICS 125B,3.563333333333334
POL SCI 11A,3.6133333333333333
POL SCI 44B,3.0500000000000003
PSY BEH 187S,2.89
PUBHLTH 135,3.4488888888888893
PUBHLTH 161,3.58
SOC SCI 16,3.755
SOC SCI 103A,3.0949999999999998
SOC SCI 193CW,3.5574999999999997
STATS 170B,3.615
UPPP 5,3.5316666666666667
UPPP H30F,3.8733333333333335
UPPP 103,3.23
UPPP 107,3.6225
UPPP 112,3.106666666666667
UPPP 115,3.75
UPPP 132,3.72
UPPP 133,3.606666666666667
UPPP 155,3.7266666666666666
UPPP 170,3.0085714285714285
SOCECOL 183A,3.496666666666666
ANTHRO 100A,3.7266666666666666
ART HIS 42E,2.88
ART HIS 156,3.05
ART HIS 165A,3.08
ARTS H81,4.0
BIO SCI H97,3.293333333333333
BIO SCI N129,3.59
BIO SCI E134,3.3049999999999997
BIO SCI 193A,3.85
CBE 40A,2.5500000000000003
CBE 100,3.0533333333333332
CBE 105,3.1683333333333334
CBE 120A,2.7733333333333334
CBE 145,3.08
CBE 176,2.766666666666667
CBE 187,3.75
CBE 195,3.3600000000000003
ENGRMSE 141,3.2
ENGRMSE 158,3.1
ENGRMSE 165,3.05
CHEM 197,3.665
CHC/LAT 198,3.9
PSYCH 119,3.4013333333333335
PSYCH 198,4.0
COMPSCI 147,3.8625000000000003
CRM/LAW C186,3.656
UNI STU H80,3.7
DRAMA 126,3.71
EAS 55,3.5981818181818186
EAS 110,3.268571428571429
EAS 130,3.301666666666667
EAS 140,3.2800000000000002
EAS 155,3.2939999999999996
EAS 160,3.332
EAS 190,3.44
EDUC 156,4.0
EDUC 174,3.36
GEN&SEX 110D,3.503333333333334
GERMAN 170,3.34
HISTORY 147,3.7
IN4MATX 164,3.822222222222222
INTL ST 15,3.5799999999999996
INTL ST 102B,3.55
INTL ST 103A,3.86
INTL ST 104BW,3.5833333333333335
LSCI 1,3.2099999999999995
LSCI 2,3.394285714285715
LSCI 3,3.3145454545454545
LSCI 10,3.1666666666666665
LSCI 51,3.783333333333333
LSCI 159,3.74
LSCI 164A,3.08
LSCI 176,3.81
LSCI 195A,3.9933333333333336
LIT JRN 198,4.0
MGMT 153,3.5716666666666668
MUSIC 183B,3.7
POL SCI 131F,2.925
POL SCI 169,3.07
PSCI 9,3.2776190476190474
PSCI 11A,3.4092307692307697
PSCI 11B,3.3488888888888884
PSCI 11C,3.1024999999999996
PSCI 101D,3.3299999999999996
PSCI 102C,3.458181818181818
PSCI 103H,3.473076923076923
PSCI 104S,3.3681818181818186
PSCI 111D,3.2600000000000002
PSCI 127D,3.34
PSCI 137H,3.305
PSCI 139H,3.5233333333333334
PSCI 141H,2.88
PSCI 153C,3.4259999999999997
PSCI 161C,3.153333333333333
PSCI 164C,3.28
PSCI 170S,2.9
PSCI 173S,3.436666666666666
PSCI 183S,3.71875
PSCI 192T,3.625
PSCI 193B,3.35
PSCI 196,3.97
SOC SCI 15,3.4599999999999995
SOCIOL 157AW,3.7
SPANISH 3,3.66
SPANISH 61,3.7249999999999996
UPPP 8,3.6410000000000005
UPPP 104,3.0866666666666664
UPPP 110,3.08
UPPP 129,3.2800000000000002
ART HIS 155B,2.983333333333333
ARTS 199,4.0
BIO SCI N170,3.938
BIO SCI 193B,3.8266666666666667
BME 3,3.8280000000000003
BME 114,3.565
CBE 40B,2.9066666666666667
CBE 110,2.73
CBE 120B,2.7699999999999996
CBE 150A,3.5
ENGRMSE 65A,3.12
ENGRMSE 155,3.736666666666667
ENGRMSE 160,3.09
ENGRMSE 175,2.92
ENGRMSE 190,3.53
ENGRMSE 195,3.47
CRM/LAW C124,3.13
CRM/LAW C135,3.69
EARTHSS 199,4.0
EAS 15C,3.23
EAS 15J,3.356666666666667
EAS 116,3.564
EAS 126,3.546666666666667
EAS 150,3.3818181818181823
EAS 170,3.1399999999999997
EDUC 146,3.774285714285714
ENGLISH H81,3.75
FLM&MDA 118A,3.5033333333333334
FRENCH 1ABSP,3.56
GEN&SEX 157,3.48
HISTORY 182,3.62
INTL ST 106A,3.276666666666667
INTL ST 150,3.42
LSCI 20,2.9914285714285715
LSCI 43,3.4800000000000004
LSCI 68,3.6533333333333338
LSCI 99,3.92
LSCI 155,3.4933333333333336
LSCI 175,3.06
LSCI 195B,3.973333333333333
LPS H123,3.93
PHILOS 40,3.415
PHILOS 117,3.5250000000000004
PHYSICS 136,3.4066666666666667
PSCI 100,3.554
PSCI 112D,3.06
PSCI 154C,3.12
PSCI 160C,3.774
PSCI 163C,3.61
PSCI 178S,2.96
PSCI 185S,3.4766666666666666
PSCI 192B,3.5533333333333332
PSCI 192Q,3.36
PSCI 192V,3.5225
PSCI 193F,3.6233333333333335
PSCI 193G,3.15
PUBHLTH 7B,3.4516666666666667
PUBHLTH 115,3.98
PUBHLTH 190,3.84
SOCIOL 119,3.91
SOCIOL 139,3.53
SPANISH 60S,3.72
STATS 170A,3.6299999999999994
UPPP 109,3.5533333333333332
ANTHRO 100B,3.8449999999999998
ANTHRO 134N,3.79
ART 8,3.9633333333333334
ART HIS 55,3.8000000000000003
ARTS 75,3.955
BIO SCI 17,3.807142857142857
BIO SCI 193C,3.9166666666666665
BIO SCI D190,3.6533333333333338
BIO SCI N121,3.8166666666666664
BIO SCI N123L,3.5375
BME 142,3.84
CBE 40C,2.83
CBE 120C,2.3833333333333333
CBE 130,3.19
CBE 150B,3.5400000000000005
CBE 161,2.8499999999999996
CBE 163,3.8166666666666664
CBE 181,3.375
ENGRMSE 65B,3.37
ENGRMSE 154,2.85
ENGRMSE 155L,3.71
ENGRMSE 164,3.69
ENGRMSE 169,3.38
ENGRMSE 189C,3.79
CHC/LAT 148,3.3666666666666667
PSYCH 89,3.606666666666666
COMPSCI 103,3.415
UNI STU 110,3.9266666666666663
EAS 120,3.513333333333333
EAS 123,3.2066666666666666
EAS 192W,3.57
EECS 120,3.23
FRENCH 1BCSP,3.725
FRENCH 63,4.0
GEN&SEX 100D,3.31
HISTORY 131A,3.61
HISTORY 146H,3.11
HISTORY 171G,3.3200000000000003
INTL ST 102A,3.97
LSCI 107M,3.5
LSCI 119,3.245
LSCI 121,3.78
LSCI 165B,3.31
LSCI 189,3.82
LSCI 195C,3.983333333333334
MGMT 157,3.89
MUSIC 153,3.39
PHRMSCI 155,3.8266666666666667
PHRMSCI H80,4.0
PHILOS 21,3.67
PHILOS 163,3.3733333333333335
POL SCI 147E,3.643333333333333
PSCI 110D,2.898
PSCI 136H,3.4
PSCI 142H,3.1
PSCI 150C,3.5125
PSCI 174S,3.3866666666666667
PSCI 179S,2.9933333333333336
PSCI 184S,3.8449999999999998
PSCI 187S,3.5
PSCI 193C,3.58
PUBHLTH 138,3.27
SOCECOL 186CW,3.425
SOCIOL 167A,3.504
CHC/LAT 120,3.3150000000000004
CHINESE S1AB,3.75
CHINESE S1BC,3.75
EAS 40,3.5683333333333334
INTL ST 177J,2.76
ITALIAN 50,3.7249999999999996
PSCI 118D,3.625
UPPP 130,3.65
AFAM 144,4.0
ASIANAM 116,3.56
BIO SCI 191A,3.79
BME 132,3.965
CBE 140A,3.355
CBE 160,3.185
CHC/LAT 150A,3.43
COM LIT 101W,3.67
CRM/LAW C168,3.8666666666666667
CRM/LAW H80,3.915
DRAMA 110W,3.46
DRAMA 180W,3.79
EDUC 140,3.7225
EDUC 143,3.83
EURO ST 9,3.245
EURO ST 13,3.82
FLM&MDA H80,3.855
HUMAN B1A,3.485
I&C SCI 80,3.555
INTL ST 104A,3.8449999999999998
INTL ST 106B,3.87
INTL ST 148W,3.915
LSCI 145A,3.275
LSCI 182V,3.4450000000000003
MSE 151,3.335
MSE 158,2.98
MSE 164,3.24
MSE 164L,3.143333333333333
MATH 134A,2.8672727272727276
MATH 134C,3.5275
MATH 195W,3.2487500000000002
PHILOS 114,3.74
PHYSICS 150,2.8333333333333335
POL SCI 121HW,3.795
PSCI 166S,3.69
SPANISH 60E,3.8
ANTHRO 48,3.47
ANTHRO 125B,3.68
ANTHRO 125U,2.37
ANTHRO 147,3.01
BIO SCI 191B,3.82
BIO SCI E119,3.2649999999999997
BIO SCI E147,3.3
BIO SCI N122,3.2199999999999998
CHEM 100,3.375
CHC/LAT 123,3.36
ENGRCEE 125,3.3200000000000003
COMPSCI 166,3.66
CRM/LAW C166,3.18
CRM/LAW C179,3.62
DRAMA 150,3.9050000000000002
EARTHSS 133,3.74
EAS 15K,3.4699999999999998
EDUC 154,3.19
ENGLISH H80,3.56
FLM&MDA 150,3.57
FRENCH 102A,3.54
GEN&SEX 182,3.93
ITALIAN 1ABSP,3.635
LSCI 169,3.4520000000000004
MGMT 176,3.085
MSE 60,3.205
MSE 141,3.41
MSE 155,3.715
MSE 155L,3.5066666666666664
MSE 165B,3.455
MSE 173,3.54
MSE 175,3.11
MSE 195,3.6266666666666665
MATH 134B,3.4899999999999998
POL SCI 125CW,2.85
POL SCI 136E,3.5
PSCI 192U,3.65
PUBHLTH 177,3.205
SOCECOL 118,3.625
SOC SCI 134W,3.1933333333333334
SOC SCI 168B,2.73
SPANISH 122,3.5
UPPP 117,3.75
UPPP 120,3.7849999999999997
UPPP 167,3.745
ANTHRO 125,3.35
ART HIS 181,2.8
BIO SCI D139,3.465
BIO SCI E187,3.69
BIO SCI N127,3.15
CHEM M2C,3.54
ENGRCEE 40,2.88
COGS 14P,3.745
COMPSCI 118,3.54
COMPSCI 122D,3.45
COMPSCI 180B,3.95
EARTHSS 156,3.875
ECON 134B,3.365
ECON 169,3.11
EDUC 120A,3.6825
EDUC 159,4.0
ENGLISH 160,3.66
EURO ST 101B,3.4050000000000002
FRENCH 102D,3.9050000000000002
HISTORY 151C,3.02
ITALIAN 1BCSP,3.6799999999999997
LSCI 141,2.9850000000000003
MGMT 131C,3.2
MGMT 145,3.825
MGMT 158,3.935
MSE 69,2.7750000000000004
MSE 165CL,3.6
MSE 189C,3.5250000000000004
MSE 190,3.0949999999999998
PHILOS 131A,3.36
PHYSICS 146B,3.22
PSCI 192S,3.785
SOCIOL 68,3.22
UPPP 177,3.9850000000000003
ASIANAM 132,2.51
JAPANSE S2AB,2.985
JAPANSE S2BC,2.86
PSCI 115D,3.04
AFAM 118,3.88
CHC/LAT 181,3.31
CHINESE 40,3.52
ENGRCEE 114,3.89
CLASSIC 166,3.21
UNI STU H30A,3.82
DRAMA 103W,3.71
DRAMA 180,3.59
EARTHSS 154,3.71
EDUC 170,3.31
FLM&MDA 194,3.25
GDIM 31,3.4450000000000003
GDIM 41,3.266666666666666
GDIM 51,3.8200000000000003
GDIM 55,3.79
HISTORY 175G,3.41
I&C SCI 169A,4.0
LSCI 142,3.83
MGMT 127,3.78
MGMT 172,3.93
MSE 165A,2.64
MUSIC 65,3.8
PSCI 152C,2.91
SOCECOL 106W,3.8225000000000002
SOC SCI 121T,2.62
SOCIOL 172A,3.2
UPPP 118,3.11
ART HIS 30,3.37
BIO SCI H94,3.98
CBE 140B,3.245
CBE 175,3.03
PSYCH 14M,3.415
PSYCH 112LP,3.71
PSYCH 112P,3.39
COM LIT 3,4.0
CRM/LAW C138,3.86
DANCE 155B,4.0
UNI STU H30B,3.9
UNI STU H30E,3.82
ECON 133,3.1
ECON 146D,3.6
EDUC 120B,3.8200000000000003
EECS 121,3.55
EURO ST 102,3.39
GDIM 25,3.915
GDIM 53,3.37
INTL ST 101A,3.37
INTL ST 155,3.53
LSCI 109,3.91
MGMT 134,3.54
MUSIC 151,3.43
MUSIC 181,3.86
NUR SCI 50,3.35
PHILOS 124,3.23
PSCI 138H,3.15
PSCI 143H,3.72
PSCI 192X,3.97
SOCECOL 104W,3.78
SOCIOL 151,3.51
UPPP 125,3.85
ANTHRO 125Z,3.91
ART HIS 167,3.52
ASIANAM 142,3.95
BIO SCI 48,3.19
BIO SCI 199W,4.0
BIO SCI E128,3.33
CHEM 14,2.64
CHC/LAT 124W,3.83
COGS 107,3.61
DANCE 155C,4.0
UNI STU H30C,3.9
UNI STU H30F,3.79
EARTHSS 122,2.91
EARTHSS 141,3.7
ECON 140E,3.05
ECON 153W,2.95
ECON 155,3.27
EDUC 80,3.92
GDIM 61,3.815
GDIM 161,3.63
GDIM 165,3.8
HISTORY 149,3.17
LSCI 195W,3.68
LPS 140,4.0
MSE 165C,2.87
MSE 174,2.85
ENGRMAE 182,4.0
PHRMSCI 122L,4.0
PHRMSCI 142,3.95
PHILOS 134,3.75
SOC SCI 132,3.37
SOCIOL 152W,3.94
SPANISH 150,2.53
UPPP 127,3.74
ART 65B,3.72
GERMAN S1AB,3.73
GERMAN S1BC,3.64
POL SCI 126G,3.11
