,course_name,avg_gpa
4,AFAM 40C,3.3700000000000006
5,AFAM 138,3.632
6,ANTHRO 2A,3.1682142857142863
7,ANTHRO 2B,2.7714814814814814
8,ANTHRO 2D,3.2857142857142856
9,ANTHRO 41A,3.5730952380952385
10,ANTHRO 134A,3.5088888888888885
11,ANTHRO 139,3.5016949152542374
12,ANTHRO 161T,3.71
13,ANTHRO 162A,3.336666666666666
14,ART 20A,3.81
15,ART 30A,3.8203703703703704
16,ART 30B,3.8953333333333333
17,ART 40,3.785625
18,ART 71A,3.837826086956522
19,ART 100,3.776176470588236
20,ART 101W,3.766818181818182
21,ART HIS 145A,3.66
22,ASIANAM 50,3.2125
23,ASIANAM 114,3.5416666666666665
24,BIO SCI 1A,2.6072727272727274
25,BIO SCI 9A,3.596
26,BIO SCI 9J,3.563333333333333
27,BIO SCI 10,2.885
28,BIO SCI 35,3.074375
29,BIO SCI 36,3.255333333333333
30,BIO SCI 37,3.1592857142857143
31,BIO SCI 38,3.005625
32,BIO SCI 93,2.917826086956522
33,BIO SCI 94,3.0254999999999996
34,BIO SCI 97,2.8855102040816316
35,BIO SCI 98,2.881041666666667
36,BIO SCI 99,2.9226923076923077
37,BIO SCI 100,3.132
38,BIO SCI D103,2.974375
39,BIO SCI D104,3.011875
40,BIO SCI E106,3.261153846153846
41,BIO SCI E109,2.950731707317073
42,BIO SCI N110,2.8366666666666673
43,BIO SCI D111L,3.2978260869565217
44,BIO SCI E112L,3.4229757785467125
45,BIO SCI M116L,3.256803278688524
46,BIO SCI M118L,3.2813580246913574
47,BIO SCI M122,3.0197142857142856
48,BIO SCI D124,3.5900000000000003
49,BIO SCI D136,2.6566666666666667
50,BIO SCI E136,3.22
51,BIO SCI N158,3.06923076923077
52,BIO SCI N165,3.709999999999999
53,BIO SCI D170,3.16
54,BIO SCI E179,3.110952380952381
55,BIO SCI E179L,3.4678947368421054
57,BIO SCI 198A,4.0
58,BIO SCI 199,3.9924401913875602
59,BME 1,3.7317647058823527
60,BME 50A,3.0750000000000006
61,BME 50B,2.828
62,CBEMS 155,2.96375
63,CBEMS 175,3.27
64,CHEM 1A,2.621375
65,CHEM 1B,2.6543076923076923
66,CHEM 1C,2.5143396226415087
67,CHEM 1LC,3.049945355191257
68,CHEM 1LD,3.06813025210084
69,CHEM 1LE,2.9960000000000004
70,CHEM 1P,2.6325000000000003
71,CHEM M3LC,3.436111111111111
72,CHEM 5,3.2015000000000002
73,CHEM 51A,2.629583333333333
74,CHEM 51B,2.5042857142857144
75,CHEM 51LB,3.070889292196007
76,CHEM 51C,2.495609756097561
77,CHEM 51LC,3.1216730769230767
78,CHEM 51LD,3.170675675675675
79,CHEM 128,3.1215384615384614
80,CHC/LAT 61,3.1641176470588235
81,CHC/LAT 64,3.0857142857142854
82,CHC/LAT 147,4.0
83,CHC/LAT 151B,3.0999999999999996
84,CHC/LAT 153,2.9050000000000002
85,ENGRCEE 20,2.68125
86,ENGRCEE 30,2.5027999999999997
87,ENGRCEE 150,1.8211764705882354
88,CLASSIC 36C,3.4025000000000003
89,CLASSIC 45A,3.3184000000000005
90,CLASSIC 45B,3.4073684210526314
91,PSYCH 7A,3.101282051282052
92,PSYCH 9A,3.0756818181818177
93,PSYCH 9B,3.007560975609756
94,PSYCH 9C,3.02
95,PSYCH 46A,3.2387500000000005
96,PSYCH 112LM,2.9272727272727272
97,PSYCH 112M,2.9274999999999998
98,PSYCH 120D,3.40875
99,PSYCH 120H,2.9283333333333332
100,PSYCH 123P,3.4850000000000003
101,PSYCH 127T,3.0500000000000003
102,PSYCH 129,3.4985714285714287
103,PSYCH 140C,3.458666666666667
104,PSYCH 160A,3.236153846153847
105,PSYCH 160D,3.1884615384615387
106,PSYCH 177D,3.367777777777778
107,COM LIT 8,3.528
108,COMPSCI 141,2.933
109,COMPSCI 143A,3.0358064516129035
110,COMPSCI 151,2.9569230769230765
111,COMPSCI 152,3.1536363636363642
112,COMPSCI 153,3.7659999999999996
113,COMPSCI 161,2.9834375
114,CSE 31,3.2
115,CSE 31L,3.0941666666666667
116,CSE 50,2.7222222222222223
117,CRM/LAW C7,3.2942857142857145
118,CRM/LAW C106,3.256470588235294
119,CRM/LAW C107,3.4
120,CRM/LAW C108,3.1441666666666666
121,CRM/LAW C120,3.5989999999999993
122,CRM/LAW C137,2.88
123,CRM/LAW C142,3.129
124,CRM/LAW C156,3.192
125,CRM/LAW C160,2.696666666666667
126,CRM/LAW C167,3.2409999999999997
127,CRM/LAW C173,3.2633333333333336
128,CRM/LAW C176,3.2375
129,CRM/LAW C177,3.2159999999999997
130,DANCE 60A,3.9150000000000005
131,DANCE 81,3.2619999999999996
132,DANCE 185W,3.7378571428571425
133,UNI STU 83,3.8711111111111105
134,UNI STU 84,3.821111111111111
135,DRAMA 15,3.706470588235294
136,DRAMA 50E,3.892608695652174
137,DRAMA 130,3.7895454545454546
138,DRAMA 135,3.8666176470588236
139,DRAMA 159,3.44
140,EARTHSS 1,2.975333333333333
141,EARTHSS 3,2.907058823529412
142,EARTHSS 5,2.8282352941176474
143,EARTHSS 15,3.0959999999999988
144,E ASIAN 40,3.388333333333333
145,E ASIAN 155,3.2914285714285714
146,ECON 13,3.222972972972973
147,ECON 15A,2.9709999999999996
148,ECON 15B,2.969767441860465
149,ECON 20A,3.18909090909091
150,ECON 20B,3.056603773584906
151,ECON 25,2.769615384615385
152,ECON 100A,2.821521739130435
153,ECON 100B,2.955675675675676
154,ECON 100C,2.958095238095238
155,ECON 122A,3.29225
156,ECON 122B,2.9894736842105263
157,ECON 132A,3.1062500000000006
158,ECON 134A,2.91875
159,ECON 135,2.911538461538462
160,ECON 140,3.1216000000000004
161,ECON 149W,3.2199999999999998
162,ECON 157,2.88375
163,ECON 161A,3.0063999999999997
164,ECON 161C,2.55
165,EDUC 30,3.4779487179487183
166,EDUC 40,3.309210526315789
167,EDUC 50,3.377333333333333
168,EDUC 124,3.6512000000000002
169,EECS 10,3.11875
170,EECS 31,3.0875
171,EECS 31L,3.093928571428571
172,EECS 50,2.7427272727272727
173,EECS 55,2.6705882352941175
174,EECS 70A,2.611304347826087
175,EECS 70LA,3.629677419354839
176,EECS 70B,2.6425
177,EECS 70LB,3.543934426229508
178,EECS 150,2.9619999999999997
179,ENGR 54,2.9303703703703707
180,ENGR 98,3.9914285714285715
181,ENGR 190W,3.3718120805369125
182,ENGLISH 28E,3.4116666666666666
183,ENGLISH 102A,3.2206060606060607
184,ENGLISH 102C,3.3093181818181816
185,ENGLISH 103,3.3206249999999997
186,ENGLISH 105,3.526891891891892
187,FLM&MDA 85A,3.1465384615384617
188,FLM&MDA 112,3.0846666666666662
189,FLM&MDA 117A,3.630434782608695
190,FLM&MDA 120A,3.7323529411764707
191,FLM&MDA 130,3.383055555555556
192,FLM&MDA 139W,3.2227586206896555
193,FLM&MDA 145,3.2828571428571425
194,FRENCH S1AB,3.38375
195,FRENCH S1BC,3.19
196,FRENCH S2AB,3.292857142857143
197,FRENCH S2BC,3.576666666666666
198,HISTORY 15C,3.1344444444444446
199,HISTORY 21A,3.413125
200,HISTORY 21B,3.4046153846153846
201,HISTORY 21C,3.3713333333333333
202,HISTORY 40A,3.440588235294118
203,HISTORY 40B,3.326875
204,HISTORY 40C,3.3152380952380947
205,HISTORY 60,3.5060869565217385
206,HISTORY 70C,3.3442857142857143
207,HISTORY 114,3.276086956521739
208,HISTORY 150,3.9299999999999997
209,IN4MATX 12,3.0933333333333337
210,IN4MATX 43,3.4314999999999998
211,IN4MATX 101,2.78
212,IN4MATX 131,3.5595652173913037
213,I&C SCI 6B,3.131914893617022
214,I&C SCI 6D,2.9297368421052634
215,I&C SCI 6N,3.044166666666667
216,I&C SCI 10,3.4125
217,I&C SCI 31,3.107222222222222
218,I&C SCI 33,2.9314999999999998
219,I&C SCI 45C,3.0727777777777776
220,I&C SCI 46,2.7824999999999998
221,I&C SCI 51,3.0670967741935486
222,I&C SCI 139W,3.5549494949494944
223,INTL ST 11,3.333829787234043
224,INTL ST 13,2.8078787878787876
225,INTL ST 14,3.093428571428572
226,INTL ST 130,3.5240909090909085
227,INTL ST 155BW,2.9788888888888887
228,JAPANSE S1AB,3.22875
229,JAPANSE S1BC,3.00375
230,KOREAN S1AB,3.2516666666666665
231,KOREAN S1BC,3.3619999999999997
232,LINGUIS 3,3.0192
233,LINGUIS 68,3.408333333333333
234,LPS 29,3.2745161290322584
235,LPS 60,3.5072727272727273
236,MGMT 1,3.077551020408163
237,MGMT 5,3.171666666666667
238,MGMT 7,3.0090909090909084
239,MGMT 10,3.31
240,MGMT 30A,3.032307692307692
241,MGMT 30B,3.3168571428571427
242,MGMT 90,3.84
243,MGMT 101,3.141627906976744
244,MGMT 102,3.348846153846154
245,MGMT 105,3.556078431372549
246,MGMT 107,3.6958139534883716
247,MGMT 109,3.4146341463414633
248,MGMT 124,3.6025
249,MGMT 125,3.459090909090909
250,MGMT 126,3.657272727272727
251,MGMT 128,3.245
252,MGMT 129,3.7922222222222217
253,MGMT 131A,3.338928571428571
254,MGMT 131B,3.280714285714286
255,MGMT 132A,3.236785714285715
256,MGMT 136,3.308461538461539
257,MGMT 137,3.592222222222222
258,MATH 1A,2.1375
259,MATH 1B,2.3635
260,MATH 2A,2.248274111675127
261,MATH 2B,2.2756704980842914
262,MATH 2D,2.5006837606837604
263,MATH 2E,2.5444705882352943
264,MATH 3A,2.737429718875502
265,MATH 3D,2.6598095238095243
266,MATH 4,2.644871794871795
267,MATH 6G,2.5700000000000003
268,MATH 13,2.54505376344086
269,MATH 105A,3.089677419354839
270,MATH 105LA,3.47
271,MATH 121A,2.5847826086956527
272,MATH 130A,2.761929824561403
273,MATH 131A,2.45
274,MATH 131B,2.29
275,MATH 173A,3.035833333333333
276,MATH 175,3.1037500000000002
277,MATH 176,3.1626666666666665
278,MATH 180A,2.7599999999999993
279,ENGRMAE 10,2.9566666666666666
280,ENGRMAE 30,2.8000000000000003
281,ENGRMAE 52,3.2012500000000004
282,ENGRMAE 80,2.7863636363636366
283,ENGRMAE 91,2.488
284,ENGRMAE 115,2.589375
285,ENGRMAE 120,3.0144000000000006
286,ENGRMAE 130A,2.5004545454545455
287,ENGRMAE 130B,2.8804166666666666
288,ENGRMAE 150,2.84
289,ENGRMAE 150L,3.8202608695652174
290,ENGRMAE 156,3.0612500000000002
291,ENGRMAE 170,2.603913043478261
292,MUSIC 3,3.6618421052631582
293,MUSIC 4,3.4859999999999998
294,MUSIC 8,2.6573333333333338
295,MUSIC 78,3.315
296,PHRMSCI 42,3.8817647058823526
297,PHRMSCI 90,3.8865517241379313
298,PHRMSCI 120,3.1706666666666665
299,PHRMSCI 120L,3.659333333333333
300,PHRMSCI 170A,3.2990000000000004
301,PHRMSCI 174L,3.453076923076922
302,PHILOS 1,3.3133333333333335
303,PHILOS 4,3.131142857142857
304,PHILOS 5,3.126666666666667
305,PHILOS 10,3.191
306,PHILOS 12,2.8511111111111114
307,PHILOS 29,3.0582142857142856
308,PHILOS 30,3.178421052631579
309,PHYSICS 2,3.0463157894736845
310,PHYSICS 3A,2.874666666666667
311,PHYSICS 3B,2.9126086956521737
312,PHYSICS 3C,2.9060526315789477
313,PHYSICS 3LB,3.272678571428572
314,PHYSICS 3LC,3.039342465753425
315,PHYSICS 7C,2.8403125
316,PHYSICS 7D,2.7291228070175446
317,PHYSICS 7E,2.799111111111111
318,PHYSICS 7LC,3.6912435233160625
319,PHYSICS 7LD,3.183220338983051
320,PHYSICS 12,3.07
321,PHYSICS 18,3.0225
322,PHYSICS 20A,3.0570833333333334
323,PP&D 4,3.608333333333333
324,PP&D 169,3.12
325,POL SCI 6A,3.3633333333333333
326,POL SCI 21A,3.220666666666667
327,POL SCI 31A,3.0664
328,POL SCI 41A,3.2127777777777786
329,POL SCI 51A,3.2081481481481484
330,POL SCI 61A,3.2961111111111117
331,POL SCI 71A,3.3116666666666665
332,POL SCI 124C,3.6966666666666668
333,POL SCI 125AW,3.25
334,POL SCI 129,3.4813043478260868
335,POL SCI 141B,2.700909090909091
336,POL SCI 144A,3.248571428571428
337,POL SCI 149,3.292272727272727
338,POL SCI 153E,3.6750000000000007
339,POL SCI 171D,3.25875
340,POL SCI 179,3.337659574468085
341,PSY BEH 9,2.7493333333333334
342,PSY BEH 11A,2.7553333333333336
343,PSY BEH 11B,2.6966666666666668
344,PSY BEH 11C,2.8651724137931036
345,PSY BEH 101D,2.756470588235294
346,PSY BEH 102C,2.797368421052631
347,PSY BEH 103H,3.188571428571428
348,PSY BEH 104S,3.0513333333333326
349,PSY BEH 118D,3.3230000000000004
350,PSY BEH 155C,2.7536363636363634
351,PSY BEH 161C,2.6933333333333334
352,PSY BEH 170S,3.2400000000000007
353,PSY BEH 173S,3.5185714285714282
354,PSY BEH 179S,2.8428571428571425
355,PSY BEH 192A,2.72
356,PSY BEH 192G,3.2633333333333336
357,PUBHLTH 1,3.357450980392157
358,PUBHLTH 2,3.5421428571428573
359,PUBHLTH 7,3.24
360,PUBHLTH 10,3.609090909090909
361,PUBHLTH 90,3.258571428571429
362,PUBHLTH 100,3.791818181818182
363,PUBHLTH 101,3.1156666666666664
364,PUBHLTH 103,3.5
365,PUBHLTH 121,3.6814285714285715
366,PUBHLTH 122,3.3188235294117647
367,PUBHLTH 127,3.2933333333333334
368,PUBHLTH 144,3.3865217391304347
369,PUBHLTH 159,3.3490909090909087
370,PUBHLTH 170,3.6159999999999997
371,PUBHLTH 176,3.29
372,PUBHLTH 195W,3.69275
374,SOCECOL E8,3.6160869565217384
375,SOCECOL 10,3.3791489361702127
376,SOCECOL 13,3.2329545454545454
377,SOCECOL 194W,3.189189189189189
379,SOC SCI 1A,3.3339999999999996
380,SOC SCI 3A,3.236190476190476
381,SOC SCI 10B,2.905
382,SOC SCI 10C,2.5987804878048784
383,SOC SCI 11A,3.34
384,SOC SCI 89,3.5
385,SOC SCI 120,3.61695652173913
386,SOC SCI 164B,3.7193333333333327
387,SOC SCI 164C,3.530625
388,SOC SCI 164D,3.7758823529411765
389,SOC SCI 184GW,2.9770731707317073
390,SOC SCI 189,3.691306818181818
392,SOCIOL 1,3.383166666666667
393,SOCIOL 2,3.2648275862068963
394,SOCIOL 3,3.317906976744186
395,SOCIOL 62,3.0385714285714287
396,SOCIOL 63,3.0534999999999997
397,SOCIOL 110,2.988235294117647
398,SOCIOL 120,3.0970370370370377
399,SOCIOL 135,2.911666666666667
400,SOCIOL 141,3.1950000000000003
401,SOCIOL 142,2.9774999999999996
402,SOCIOL 161W,3.2566666666666664
403,SOCIOL 173,3.41125
404,SOCIOL 180A,3.2321428571428568
405,SPANISH S1AB,3.5238888888888886
406,SPANISH S1BC,3.3805000000000005
407,SPANISH S2AB,3.4944444444444445
408,SPANISH S2BC,3.4155555555555552
409,SPANISH 113A,2.888888888888889
410,STATS 7,2.7340243902439028
411,STATS 8,3.041891891891892
412,STATS 67,3.190421052631579
413,STATS 120A,3.1705555555555556
414,WOMN ST 50A,3.61
415,WOMN ST 50B,2.88
416,WOMN ST 50C,3.45
417,WRITING 30,3.6342857142857143
418,WRITING 39A,2.8829419354838706
419,WRITING 39B,3.20228102189781
420,WRITING 39C,3.250752802989856
421,WRITING 139W,3.167260273972603
424,AC ENG 22A,3.487765957446808
429,AC ENG 139W,3.180138888888889
430,AFAM 40A,3.439230769230769
431,AFAM 112B,3.813333333333333
432,AFAM 128,3.597142857142857
433,AFAM 154,3.545
434,AFAM 198,3.9161111111111118
435,ANTHRO 10A,3.012666666666666
436,ANTHRO 20A,2.82125
437,ANTHRO 30A,3.5990909090909087
438,ANTHRO 85A,2.55
439,ANTHRO 134G,3.0
440,ANTHRO 136G,3.5649999999999995
441,ANTHRO 149,3.2357142857142853
442,ANTHRO 162B,2.9579999999999997
443,ANTHRO 164P,3.21
444,ANTHRO 180AW,3.6247999999999996
445,ARABIC 1A,3.54
446,ARABIC 2A,3.67
447,ART 1A,3.4155555555555552
448,ART 9A,3.718888888888889
449,ART 65A,3.6420833333333333
450,ART 81A,3.9417391304347826
451,ART 106A,3.7714285714285714
452,ART 109,3.8872727272727277
453,ART 126,3.5700000000000003
454,ART 127B,3.64375
455,ART 151,3.7686666666666673
456,ART 152D,3.77
457,ART 154,3.875454545454545
458,ART 189,3.6283333333333334
459,ART HIS 40A,3.0155555555555553
460,ART HIS 42A,3.2099999999999995
461,ART HIS 103,3.1325000000000003
462,ART HIS 123,3.67
463,ART HIS 140B,3.55
464,ARTS 173,3.98
465,ASIANAM 51,3.492857142857143
466,ASIANAM 54,3.6253846153846156
467,ASIANAM 131,3.38
468,ASIANAM 151E,3.2800000000000002
469,ASIANAM 151H,3.3200000000000003
470,BIO SCI 2A,3.87
471,BIO SCI 3B,3.02
472,BIO SCI 45,2.8084210526315787
473,BIO SCI 55,2.902727272727273
474,BIO SCI H90,3.78
475,BIO SCI E106L,3.6983333333333337
477,BIO SCI N112A,3.85
478,BIO SCI M114L,3.3585507246376807
479,BIO SCI M121,2.8357142857142854
480,BIO SCI E124,2.8825
481,BIO SCI M124A,3.0324999999999998
482,BIO SCI M126,3.436
483,BIO SCI D130,3.29
484,BIO SCI D137,2.9457142857142853
485,BIO SCI D138,3.145
486,BIO SCI D140,3.72
487,BIO SCI M143,2.7825
488,BIO SCI N147,3.3657142857142857
489,BIO SCI E150,3.2260000000000004
490,BIO SCI N152,3.277142857142857
491,BIO SCI E166L,3.6018181818181816
493,BIO SCI 192,3.9972222222222222
494,BIO SCI 197,3.9948837209302326
495,BIO SCI 198,3.9962857142857144
496,BME 60A,3.3190909090909098
497,BME 120,3.01
498,BME 130,2.801
499,BME 135,3.358571428571428
500,BME 149,3.6475
501,BME 160,3.45625
502,BME 197,3.9875
503,BME 199,3.9817647058823527
504,CBEMS 45A,2.3820000000000006
505,CBEMS 110,2.68
506,CBEMS 125A,3.036
507,CBEMS 135,3.178
508,CBEMS 140A,3.18375
509,CHEM H2A,3.575
510,CHEM H2LA,3.683913043478261
511,CHEM M2LA,3.5423076923076926
512,CHEM 107,2.8600000000000003
513,CHEM 131A,2.316666666666667
514,CHEM 160,3.2933333333333334
515,CHEM 170,3.1
516,CHEM H180A,4.0
517,CHEM 192,3.9988888888888887
518,CHC/LAT 62,3.4466666666666668
519,CHC/LAT 63,3.213846153846154
520,CHC/LAT 101,3.26125
521,CHC/LAT 110,3.5533333333333332
522,CHC/LAT 129,3.3589999999999995
523,CHC/LAT 139,3.381428571428571
524,CHC/LAT 154,3.6300000000000003
525,CHC/LAT 155,3.03
526,CHC/LAT 170,3.1683333333333334
527,CHINESE 1A,3.5152941176470587
528,CHINESE 1DA,3.7
529,CHINESE 1MA,3.43
530,CHINESE 2A,3.383636363636363
531,CHINESE 2MA,3.3966666666666665
532,CHINESE 3A,3.7842857142857143
533,CHINESE 100A,3.4875
534,CHINESE 115,3.3958333333333335
535,ENGRCEE 60,3.052222222222222
536,ENGRCEE 121,2.965
537,ENGRCEE 150L,2.6890566037735857
538,ENGRCEE 153,3.475
539,ENGRCEE 155,2.7350000000000003
540,ENGRCEE 169,2.9699999999999998
541,ENGRCEE 170,2.5387500000000003
542,ENGRCEE 172,2.71
543,ENGRCEE 176,3.17875
544,CLASSIC 37B,3.228
545,CLASSIC 160,3.5010000000000003
546,PSYCH 10A,2.97875
547,PSYCH 56L,3.63125
548,PSYCH 78A,2.883846153846154
549,PSYCH H111A,3.763529411764706
550,PSYCH 112A,3.464444444444444
551,PSYCH 112LA,3.4929629629629626
552,PSYCH 120A,3.5007692307692304
553,PSYCH 130A,3.1491666666666664
554,PSYCH 131B,3.498571428571428
555,PSYCH 139,3.112222222222222
556,PSYCH 141J,3.995
557,PSYCH 145P,3.455
558,PSYCH 148A,3.9766666666666666
559,PSYCH 161H,2.8699999999999997
560,PSYCH 178N,3.011111111111111
561,COM LIT 10,3.2321739130434786
562,COM LIT 60A,3.532142857142857
563,COM LIT 107,3.4724999999999997
564,COM LIT 131,3.6399999999999997
565,COM LIT 143,3.54
566,COM LIT 150,3.29375
567,COMPSCI 113,3.81375
568,COMPSCI 115,2.825
569,COMPSCI 122A,3.048888888888889
570,COMPSCI 132,3.1520833333333336
571,COMPSCI 171,3.5263999999999998
572,COMPSCI 199,3.95695652173913
573,CSE 41,3.3287500000000003
574,CSE 42,2.598666666666667
575,CSE 45C,3.2060000000000004
576,CSE 112,2.8544444444444443
577,CSE 132,2.41
578,CSE 135A,2.2725
579,CSE 141,2.763333333333333
580,CSE 161,2.7837500000000004
581,CSE 181A,3.855
582,CRM/LAW C10,3.265757575757576
583,CRM/LAW C100,3.3702439024390247
584,CRM/LAW C102,3.1216666666666666
585,CRM/LAW C103,3.4299999999999997
586,CRM/LAW C109,2.979
587,CRM/LAW C112,3.3259999999999996
588,CRM/LAW C114,2.9728571428571433
589,CRM/LAW C127,3.3900000000000006
590,CRM/LAW C131,3.5800000000000005
591,CRM/LAW C134,3.5766666666666667
592,CRM/LAW C148,3.32
593,CRM/LAW C165,2.9699999999999998
594,CRM/LAW C172,3.265
595,DANCE 2,3.83625
596,DANCE 3,3.5234782608695654
598,DANCE 21A,3.679333333333334
602,DANCE 52A,3.9337500000000003
603,DANCE 83,2.88
604,DANCE 90A,3.5725
605,DANCE 100,3.6077777777777778
606,DANCE 103,3.7969999999999997
607,DANCE 104,3.94875
608,DANCE 110,3.8266666666666667
609,DANCE 130A,3.77
610,DANCE 132A,3.474285714285714
611,DANCE 133A,3.364375
612,DANCE 134A,3.4875
613,DANCE 135A,3.7725
614,DANCE 142A,3.92625
615,DANCE 143A,3.69
616,DANCE 144A,3.7975000000000003
617,DANCE 152A,3.6236363636363635
618,DANCE 153A,3.7528571428571427
619,DANCE 162A,3.9539999999999997
620,DANCE 176,4.0
621,DANCE 180C,3.8800000000000003
622,DANCE 193,3.956491228070176
623,DANCE 197,3.992857142857143
625,UNI STU 3,3.7933858267716536
627,UNI STU 13A,3.2
629,UNI STU 192,3.94125
631,DRAMA 10,3.625833333333334
632,DRAMA 20A,3.71
633,DRAMA 30A,3.4240000000000004
634,DRAMA 34,3.408571428571428
635,DRAMA 35,3.5090909090909084
636,DRAMA 40A,3.504634146341463
637,DRAMA 50A,3.688666666666667
638,DRAMA 50B,3.6645454545454546
639,DRAMA 50C,3.606190476190476
640,DRAMA 50D,3.6196428571428574
641,DRAMA 65,3.8269999999999995
642,DRAMA 101A,3.8754545454545455
643,DRAMA 101B,3.919166666666667
644,DRAMA 101C,3.9209523809523805
645,DRAMA 101D,3.964
646,DRAMA 101S,3.9716666666666662
647,DRAMA 109,3.9939999999999998
648,DRAMA 123,3.4716666666666662
649,DRAMA 129W,3.463529411764706
650,DRAMA 142,3.4895833333333335
651,DRAMA 143C,3.768333333333333
652,DRAMA 144,3.953333333333333
653,DRAMA 145,3.9432432432432427
654,DRAMA 148C,3.39
655,DRAMA 149,3.7071428571428577
656,DRAMA 177,3.936666666666667
657,DRAMA 182A,3.7670000000000003
658,DRAMA 183A,3.766666666666667
659,DRAMA 184,3.4825
661,EARTHSS 17,2.9491666666666667
662,EARTHSS 19,3.0300000000000002
663,EARTHSS 23,3.0963636363636358
664,EARTHSS 51,2.93375
665,EARTHSS 60A,3.5375
666,EARTHSS 110,3.57
667,EARTHSS 112,3.588
668,EARTHSS 114,3.3146153846153843
669,EARTHSS 116,3.0713333333333335
670,EARTHSS 118,3.3733333333333335
671,EARTHSS 140,3.2342857142857144
672,EARTHSS 148,3.3883333333333336
673,EARTHSS 170,3.455
674,EARTHSS 190A,3.6933333333333334
677,E ASIAN 55,3.2588235294117647
678,E ASIAN 110,3.1160000000000005
679,E ASIAN 150,3.217142857142857
680,E ASIAN 190,3.2757142857142854
681,ECON 1,2.5469999999999997
682,ECON 105A,3.291818181818182
683,ECON 107,3.3239999999999994
684,ECON 123A,3.21375
685,ECON 125,2.811111111111112
686,ECON 141B,2.972857142857143
687,ECON 142A,2.748
688,ECON 149,3.0843478260869563
689,EDUC 55,3.84375
691,EDUC 104D,3.8546428571428577
692,EDUC 106,3.3887499999999995
693,EDUC 107,3.140434782608696
694,EDUC 108,3.3635294117647057
695,EDUC 122A,3.53875
696,EDUC 125,3.5755555555555554
697,EDUC 131,3.5878125
698,EDUC 134,3.5072222222222225
699,EDUC 137,3.7861111111111114
700,EDUC 138,3.6473684210526316
701,EDUC 141A,3.9633333333333334
702,EDUC 141G,3.99
703,EDUC 143BW,3.623333333333333
704,EDUC 150,3.356315789473684
705,EDUC 151,3.3726666666666665
706,EDUC 160,3.2584000000000004
707,EDUC 173,3.4369565217391305
708,EDUC 175,3.6222222222222222
709,EDUC 198,3.967704918032787
710,EECS 12,3.017894736842105
711,EECS 22,2.964285714285714
712,EECS 112,2.695333333333333
713,EECS 114,3.232857142857143
714,EECS 116,2.995454545454545
715,EECS 119,3.291111111111111
716,EECS 145,3.165625
717,EECS 148,3.178181818181819
718,EECS 152A,2.64
719,EECS 159A,3.5533333333333332
720,EECS 170A,2.7874999999999996
721,EECS 170LA,3.3032203389830506
722,EECS 170D,3.385
723,EECS 179,3.4099999999999997
724,EECS 188,3.05875
725,ENGR 1A,2.885
726,ENGR 7A,3.83875
728,ENGR 150,2.78
729,ENGLISH 12,3.4575
730,ENGLISH 28A,3.254444444444444
731,ENGLISH 28C,3.1100000000000003
732,ENGLISH 28D,3.338
733,ENGLISH 100,3.292272727272727
734,ENGLISH 101W,3.429193548387097
735,ENGLISH 102B,3.2539999999999996
736,ENGLISH 102D,3.3975000000000004
737,ENGLISH 106,3.472153846153846
738,EURO ST 10,3.565555555555555
739,FLM&MDA 101C,3.215
740,FLM&MDA 110,3.2857777777777772
741,FLM&MDA 115,3.2275
742,FLM&MDA 160,3.3862499999999995
743,FLM&MDA 161,3.49
744,FLM&MDA 185,3.3942857142857146
745,FLM&MDA 190,3.28875
746,FLM&MDA 191,3.57
747,FRENCH 1A,3.5393023255813953
748,FRENCH 2A,3.311851851851852
749,FRENCH 50,3.385454545454545
750,FRENCH 100A,3.5075
751,FRENCH 101A,3.373333333333333
752,FRENCH 150,3.2560000000000002
753,FRENCH 160,3.3649999999999998
754,GEN&SEX 20,3.533333333333333
755,GEN&SEX 50A,3.449375
756,GEN&SEX 60A,3.5100000000000002
757,GEN&SEX 139,3.2199999999999998
758,GERMAN 1A,3.474
759,GERMAN 2A,3.4259999999999997
760,GREEK 1A,3.45625
761,HISTORY 10,3.37125
762,HISTORY 12,3.3175
763,HISTORY 15E,3.14
764,HISTORY 16A,3.435714285714286
765,HISTORY 37B,3.1
766,HISTORY 50,3.334285714285714
767,HISTORY 70A,3.2360869565217394
768,HISTORY 70E,3.49625
769,HISTORY 100W,3.4967605633802816
770,HISTORY 112D,3.453333333333333
771,HISTORY 130B,3.18
772,HISTORY 142B,3.2525
773,HISTORY 144G,3.255
774,HISTORY 166A,3.79
775,HISTORY 169,3.1795
776,HISTORY 170D,2.93
777,HISTORY 172E,3.17
778,HISTORY 183,3.769166666666667
779,HISTORY 190,3.5051282051282047
780,HUMAN 1A,3.295507246376812
781,HUMAN 1AS,3.1879828326180255
782,HUMAN 1AES,2.6864
783,HUMAN H1AS,3.5456302521008403
784,HUMAN 10,3.052941176470588
785,HUMAN H120,3.8947826086956527
786,HUMAN H140,3.9699999999999998
788,IN4MATX 115,3.600769230769231
789,IN4MATX 121,3.4384615384615382
790,IN4MATX 125,3.73375
791,IN4MATX 133,3.5211111111111113
792,IN4MATX 161,3.649285714285714
793,IN4MATX 171,3.7222222222222223
794,IN4MATX 191B,3.7664999999999997
795,I&C SCI 3,3.4100000000000006
796,I&C SCI 32,2.8545238095238092
797,I&C SCI 45J,3.1772222222222224
798,I&C SCI 60,3.492352941176471
800,I&C SCI 193,3.9908333333333332
801,INTL ST 105A,3.24
802,INTL ST 111C,3.22
803,INTL ST 112A,3.322666666666667
804,INTL ST 151B,3.4133333333333336
805,INTL ST 154W,2.7337499999999997
806,INTL ST 179,3.2831578947368425
807,INTL ST 183A,3.448611111111111
808,INTL ST 189,3.396
809,ITALIAN 1A,3.448571428571429
810,ITALIAN 2A,3.4828571428571427
811,ITALIAN 150,3.4484615384615376
812,JAPANSE 1A,3.0805454545454545
813,JAPANSE 2A,3.1186363636363637
814,JAPANSE 3A,3.2333333333333334
815,JAPANSE 100A,3.6439999999999997
816,KOREAN 1A,3.533529411764706
817,KOREAN 1KA,3.6666666666666665
818,KOREAN 2A,3.289285714285714
819,KOREAN 2KA,3.1966666666666668
820,KOREAN 3A,3.5085714285714285
821,LATIN 1A,3.2511111111111113
822,LATIN 100,3.4133333333333336
823,LINGUIS 2,3.325833333333333
824,LINGUIS 10,2.891666666666667
825,LINGUIS 51,3.556
826,LIT JRN 20,3.5021428571428563
827,LIT JRN 21,3.221935483870968
828,LIT JRN 101BW,3.600579710144927
829,LIT JRN 103,3.434166666666666
830,LPS 40,3.5125
831,MGMT 110,3.7103124999999997
832,MGMT 141,3.4849999999999994
833,MGMT 151,3.765
834,MGMT 160,3.05
835,MGMT 190,3.6499275362318846
836,MGMT 191W,3.6082758620689663
838,MATH 112A,2.8362499999999997
839,MATH 113A,3.1574999999999998
840,MATH 118,3.1475
841,MATH 120A,2.676551724137931
842,MATH 140A,2.6839999999999997
843,MATH 147,2.6222727272727275
844,MATH 150,2.6674999999999995
846,ENGRMAE 107,3.312307692307693
847,ENGRMAE 108,2.9074999999999998
848,ENGRMAE 110,3.3024999999999998
849,ENGRMAE 117,3.3799999999999994
850,ENGRMAE 136,2.788571428571429
851,ENGRMAE 188,3.6904545454545454
852,ENGRMAE 189,3.8856613756613756
853,ENGRMAE 195,3.7720000000000002
854,MUSIC 10,3.474347826086957
855,MUSIC 15A,2.8535714285714286
856,MUSIC 16A,3.165
857,MUSIC 16D,3.035
858,MUSIC 25,3.492
859,MUSIC 40B,2.43375
860,MUSIC 82A,3.786
861,MUSIC 156A,3.83
862,MUSIC 160,3.9633333333333334
863,MUSIC 161,4.0
864,MUSIC 171,3.893333333333333
865,MUSIC 176,3.950384615384615
866,MUSIC 178,3.9985714285714287
867,NUR SCI 110W,3.91
868,NUR SCI 112LA,3.6799999999999997
869,NUR SCI 114A,3.555
870,NUR SCI 118A,3.52375
871,NUR SCI 130,3.565
872,NUR SCI 132,3.58875
873,PERSIAN 1A,3.9216666666666664
874,PERSIAN 2A,3.932
875,PERSIAN 50,3.9210000000000003
876,PHRMSCI 171,3.2877777777777784
878,PHRMSCI 174,3.305
879,PHILOS 2,3.1537142857142864
880,PHILOS 103,3.2212500000000004
881,PHILOS 105A,2.8442857142857148
882,PHILOS 106,3.1733333333333333
883,PHILOS 116,3.35
884,PHILOS 122,2.9933333333333336
885,PHILOS 132,2.9333333333333336
886,PHILOS 140,3.6818181818181817
887,PHY SCI 5,3.601724137931035
888,PHY SCI 139W,3.431923076923077
889,PHYSICS 14,3.2455555555555557
890,PHYSICS 17,3.1399999999999997
891,PHYSICS 52A,3.22888111888112
892,PHYSICS 60,2.913333333333333
893,PHYSICS 99,3.6925
894,PHYSICS 111A,2.976
895,PHYSICS 113B,3.4375
896,PHYSICS 115A,2.97625
897,PHYSICS 116,3.151111111111111
898,PHYSICS 194,3.5413333333333337
899,PP&D 100,3.0461538461538464
900,PP&D 101,3.013333333333333
901,PP&D 105,3.105
902,PP&D 107,3.1233333333333335
903,PP&D 108,3.3025
904,PP&D 153,3.27
905,PP&D 167,3.44
906,PP&D 172,3.8200000000000003
907,POL SCI 120,3.485
908,POL SCI 121C,3.046666666666667
909,POL SCI 122BW,2.9233333333333333
910,POL SCI 124E,3.625
911,POL SCI 130A,3.3899999999999997
912,POL SCI 136B,3.41
913,POL SCI 142D,2.9099999999999997
914,POL SCI 146B,3.382857142857143
915,POL SCI 154F,3.3699999999999997
916,POL SCI 156D,3.3737500000000002
917,POL SCI 159,3.2361702127659577
918,POL SCI 171AW,3.2755555555555556
919,POL SCI H182A,3.95
920,PSY BEH 116D,2.8659999999999997
921,PSY BEH 121D,3.0700000000000003
922,PSY BEH 136H,2.4475
923,PSY BEH 137H,3.0411111111111113
924,PSY BEH 139H,3.1260000000000003
925,PSY BEH 140H,3.483333333333333
926,PSY BEH 150C,3.25
927,PSY BEH 183S,2.872
928,PSY BEH 192E,2.58
929,PSY BEH 192T,3.2920000000000003
930,PSY BEH 192V,3.3618181818181814
931,PSY BEH 193B,2.8200000000000003
932,PSY BEH 196,3.930625
933,PUBHLTH 80,2.7341176470588238
934,PUBHLTH 102,3.3683333333333336
935,PUBHLTH 105,3.724444444444445
936,PUBHLTH 139,3.495833333333333
937,PUBHLTH 146,3.7337499999999997
938,PUBHLTH 147,3.2816666666666667
939,PUBHLTH 163,3.2199999999999998
940,PUBHLTH 168,3.6811111111111106
942,PUBHLTH H192A,3.9539999999999997
943,PUBHLTH 194A,3.705
944,PUBHLTH 194C,3.8814285714285717
945,PUBHLTH 199,3.994848484848484
946,REL STD 5A,3.3579999999999997
948,ROTC 11,3.8783333333333334
950,ROTC 141,3.8425000000000002
951,ROTC 197,3.97
952,RUSSIAN 1A,3.63875
953,RUSSIAN 2A,3.515
954,RUSSIAN 50,3.405789473684211
956,SOCECOL E127,3.60625
957,SOCECOL H190A,3.9375
959,SOCECOL 199,3.976914893617021
960,SOC SCI H1G,3.4519999999999995
961,SOC SCI 2A,3.2287500000000002
962,SOC SCI 5D,3.29625
963,SOC SCI 10A,2.815128205128205
964,SOC SCI 66,3.59625
965,SOC SCI 115D,3.308888888888889
966,SOC SCI 165,3.17
967,SOC SCI 172AW,3.4404878048780487
968,SOC SCI 183A,3.457777777777778
969,SOC SCI 183CW,3.351428571428572
970,SOC SCI 193A,3.0862499999999997
972,SOC SCI 196,3.9214285714285717
973,SOC SCI 198,3.973478260869565
974,SOCIOL 10A,2.8425000000000002
975,SOCIOL 31,2.6676923076923083
976,SOCIOL 44,3.1625
977,SOCIOL 51,3.336
978,SOCIOL 56,2.7266666666666666
979,SOCIOL 65,3.11
980,SOCIOL 134,3.1325
981,SOCIOL 154,3.2337500000000006
982,SOCIOL 158CW,3.335714285714286
983,SOCIOL 159,3.279000000000001
984,SOCIOL 174,3.2193333333333327
985,SOCIOL 180AW,3.1768181818181818
986,SOCIOL H188A,3.9714285714285715
987,SPANISH 1A,3.4250000000000003
988,SPANISH 1B,3.3789285714285713
989,SPANISH 1C,3.395692307692307
990,SPANISH 2A,3.3723529411764703
991,SPANISH 2AB,3.0020000000000002
992,SPANISH 2B,3.3445714285714283
993,SPANISH 2C,3.3314999999999997
994,SPANISH 3B,3.313
995,SPANISH 101A,3.6850000000000005
996,SPANISH 101B,3.6658823529411766
997,SPANISH 105,3.45
998,SPANISH 110B,3.69
999,SPANISH 113B,2.99
1000,SPANISH 130C,3.5830769230769235
1001,SPANISH 160,3.752727272727273
1002,STATS 110,3.434375
1005,UCDC 180,3.6436363636363636
1006,VIETMSE 1A,3.5925
1007,VIETMSE 2A,3.56875
1008,WRITING 31,3.547945205479452
1009,WRITING 37,3.035896226415095
1010,WRITING 91,3.6925
1011,WRITING 111,3.8049999999999997
1012,AFAM 115,3.5566666666666666
1013,AFAM 143,3.563636363636364
1014,AFAM 153,3.085
1015,AFAM 162W,3.99625
1016,ANTHRO 10B,2.9312500000000004
1017,ANTHRO 30B,3.0228571428571422
1018,ANTHRO 121AW,3.2366666666666664
1019,ANTHRO 121J,3.3766666666666665
1020,ANTHRO 125A,2.981666666666667
1021,ANTHRO 127A,3.39
1022,ANTHRO 128B,3.4616666666666664
1023,ANTHRO 129,3.6071428571428577
1024,ANTHRO 134F,3.69
1025,ANTHRO 136B,3.4200000000000004
1026,ANTHRO 141A,3.0599999999999996
1027,ANTHRO 152A,2.906
1028,ANTHRO 169,3.450487804878049
1029,ARABIC 1B,3.6762499999999996
1030,ARABIC 2B,3.6466666666666665
1031,ART 1B,3.4044444444444446
1032,ART 9B,3.633
1033,ART 11A,3.7340000000000004
1034,ART 12A,3.702727272727273
1035,ART 50B,3.88375
1036,ART 51,3.795
1037,ART 65C,2.825
1038,ART 71B,3.8711111111111114
1039,ART 81B,3.9875000000000003
1040,ART 95,3.7636842105263155
1041,ART 121A,3.9050000000000002
1042,ART 128,3.808461538461539
1043,ART 150,3.822857142857143
1044,ART 150F,3.716666666666667
1045,ART 152E,3.4
1046,ART 153,3.9240000000000004
1047,ART 156,3.91
1048,ART 190,3.955
1049,ART HIS 40B,3.20625
1050,ART HIS 42B,3.2675
1051,ART HIS 111B,3.67
1052,ART HIS 125,3.6950000000000003
1053,ART HIS 140A,3.26
1054,ART HIS 165D,3.18
1055,ART HIS 190W,3.36
1056,ART HIS 198,3.5741666666666667
1057,ASIANAM 52,3.3627272727272723
1058,ASIANAM 110,3.482
1059,ASIANAM 143,3.075
1060,ASIANAM 144,3.7
1061,ASIANAM 150,3.577222222222223
1062,ASIANAM 151F,3.78375
1063,ASIANAM 164,3.608571428571428
1065,BIO SCI 9B,3.0966666666666662
1066,BIO SCI 9E,3.4859999999999998
1067,BIO SCI 25,3.0
1068,BIO SCI 44,2.995714285714286
1069,BIO SCI N112B,3.98
1070,BIO SCI N113L,3.2064545454545446
1071,BIO SCI E118,3.6142857142857143
1072,BIO SCI N120,3.8666666666666667
1073,BIO SCI M124B,3.224285714285714
1074,BIO SCI M130L,3.69
1075,BIO SCI D132,3.485
1076,BIO SCI E137,3.115
1077,BIO SCI M137,3.334285714285714
1078,BIO SCI E142W,3.293333333333333
1079,BIO SCI D145,3.1674999999999995
1080,BIO SCI N155,3.97
1081,BIO SCI N160,3.22
1082,BIO SCI N164,3.426666666666667
1083,BIO SCI N166,3.51
1084,BIO SCI N172,3.4275
1085,BIO SCI N173,3.8683333333333336
1086,BIO SCI E175,3.13
1087,BIO SCI E182,3.11
1088,BIO SCI E183,3.4169999999999994
1089,BIO SCI M190,3.5666666666666664
1090,BME 60B,3.237692307692308
1091,BME 110B,3.13125
1092,BME 121,2.79
1093,BME 136,3.286
1094,BME 140,3.38375
1095,BME 147,3.3625
1096,BME 148,3.60375
1097,CBEMS 45B,2.9839999999999995
1098,CBEMS 119,3.665
1099,CBEMS 125B,2.682
1100,CBEMS 130,2.9539999999999997
1101,CBEMS 140B,3.1925000000000003
1102,CBEMS 149A,3.4299999999999997
1103,CBEMS 199,3.9379999999999997
1104,CHEM M2LB,3.556451612903226
1105,CHEM H2B,3.5324999999999998
1106,CHEM H2LB,3.6753846153846155
1107,CHEM M52LB,3.2651515151515147
1108,CHEM 107L,3.0663333333333336
1109,CHEM 127,3.1390000000000002
1110,CHEM 128L,3.2978000000000005
1111,CHEM 131B,2.733333333333333
1112,CHEM 152,3.2493333333333334
1113,CHEM 177,2.66125
1114,CHEM H180B,4.0
1115,CHEM 193,3.855
1116,CHC/LAT 102W,3.3949999999999996
1117,CHC/LAT 114,3.39
1118,CHC/LAT 152A,2.925
1119,CHC/LAT 156W,3.49
1120,CHC/LAT 159,3.504
1121,CHC/LAT 160,2.99
1122,CHC/LAT 176,3.4233333333333333
1123,CHC/LAT 183,3.8006666666666664
1124,CHINESE 1B,3.5147058823529407
1125,CHINESE 1DB,3.56
1126,CHINESE 1MB,3.4987500000000002
1127,CHINESE 2B,3.4699999999999998
1128,CHINESE 2MB,3.356666666666667
1129,CHINESE 3B,3.6916666666666664
1130,CHINESE 100B,3.4583333333333335
1131,ENGRCEE 80,2.5749999999999997
1132,ENGRCEE 81B,3.33
1133,ENGRCEE 111,2.9699999999999998
1134,ENGRCEE 122,3.1937499999999996
1135,ENGRCEE 130,2.2314285714285718
1136,ENGRCEE 130L,3.595
1137,ENGRCEE 151A,2.3225
1138,ENGRCEE 152,3.524285714285714
1139,ENGRCEE 162,3.04375
1140,ENGRCEE 165,3.3783333333333334
1141,ENGRCEE 171,2.86625
1142,ENGRCEE 173,3.6371428571428575
1143,ENGRCEE 178,3.42875
1144,ENGRCEE 198,3.9957142857142856
1145,CLASSIC 36A,3.58
1146,CLASSIC 37A,3.232
1147,CLASSIC 140,3.54
1148,PSYCH 10B,3.1757142857142857
1149,PSYCH 111BW,3.7424999999999997
1150,PSYCH H111B,3.7325
1151,PSYCH 112BW,3.6725
1152,PSYCH 112LB,3.7106250000000003
1153,PSYCH 112R,3.1757142857142853
1154,PSYCH 112LR,3.171428571428571
1155,PSYCH 114M,3.337142857142857
1156,PSYCH 122I,3.4628571428571426
1157,PSYCH 127A,3.015
1158,PSYCH 127G,2.95
1159,PSYCH 135M,3.41
1160,PSYCH 140M,3.365
1161,PSYCH 141K,3.9775
1162,PSYCH 145Q,3.95
1163,PSYCH 146MW,3.1383333333333336
1164,PSYCH 148B,3.9349999999999996
1165,PSYCH 161,2.7000000000000006
1166,PSYCH 162N,3.645
1167,PSYCH 174E,2.91
1168,PSYCH 179,4.0
1169,COM LIT 60B,3.2925
1170,COM LIT 100A,3.23
1171,COM LIT 130,3.73
1172,COM LIT 190W,3.6633333333333327
1173,COMPSCI 112,3.0254545454545454
1174,COMPSCI 116,3.34125
1175,COMPSCI 121,3.527272727272728
1176,COMPSCI 122B,3.164444444444444
1177,COMPSCI 133,2.9371428571428573
1178,COMPSCI 134,2.9655555555555555
1179,COMPSCI 142A,2.9607692307692304
1180,COMPSCI 143B,3.505833333333333
1181,COMPSCI 162,3.0025
1182,COMPSCI 167,3.2857142857142856
1183,COMPSCI 175,3.6709090909090905
1184,COMPSCI 178,3.4825
1185,CSE 46,2.6815384615384614
1186,CSE 70A,2.3111111111111113
1187,CSE 90,3.688333333333334
1188,CSE 132L,3.155
1189,CSE 135B,3.17
1190,CSE 142,2.71
1191,CSE 181B,3.893333333333333
1192,CRM/LAW C40,2.42
1193,CRM/LAW C105,2.555
1194,CRM/LAW C110,3.479166666666666
1195,CRM/LAW C113,3.3339999999999996
1196,CRM/LAW C115,3.0225000000000004
1197,CRM/LAW C116,3.3200000000000003
1198,CRM/LAW C122,3.603636363636363
1199,CRM/LAW C126,3.61
1200,CRM/LAW C139,3.316923076923077
1201,CRM/LAW C144,3.1675
1202,CRM/LAW C149,2.5460000000000003
1203,CRM/LAW C162,3.502222222222222
1204,CRM/LAW C178,3.684444444444445
1205,CRM/LAW C191,3.385
1209,DANCE 52B,3.8844444444444446
1210,DANCE 60B,3.8642857142857143
1211,DANCE 90B,3.3025
1212,DANCE 132B,3.617857142857143
1213,DANCE 133B,3.333125
1214,DANCE 134B,3.50625
1215,DANCE 135B,3.77875
1216,DANCE 139,3.93125
1217,DANCE 142B,3.8287500000000003
1218,DANCE 143B,3.615
1219,DANCE 144B,3.682857142857143
1220,DANCE 152B,3.7830769230769232
1221,DANCE 153B,3.69875
1222,DANCE 154B,3.93
1223,DANCE 162B,4.0
1224,DANCE 170,3.9887500000000005
1225,DANCE 179,3.982727272727273
1226,UNI STU 10,3.86125
1227,UNI STU 13B,3.685
1228,UNI STU 45,3.9771428571428573
1231,DRAMA 11,2.63
1232,DRAMA 20B,3.03
1233,DRAMA 30B,3.402564102564103
1234,DRAMA 40B,3.5412499999999993
1235,DRAMA 50F,3.18
1236,DRAMA 100,3.993888888888889
1237,DRAMA 101E,3.961111111111111
1238,DRAMA 103,3.2824999999999998
1239,DRAMA 126W,3.765
1240,DRAMA 132A,3.7
1241,DRAMA 136,3.918333333333333
1242,DRAMA 143A,3.6420000000000003
1243,DRAMA 146,3.7914285714285714
1244,DRAMA 148A,2.856
1245,DRAMA 164B,3.8049999999999997
1246,DRAMA 182B,3.623333333333333
1247,DRAMA 183B,3.765
1248,DRAMA 199,3.9657142857142853
1249,EARTHSS 21,2.89625
1250,EARTHSS 53,3.03125
1251,EARTHSS 60B,3.5549999999999997
1252,EARTHSS 124,3.215
1253,EARTHSS 134,3.521818181818182
1254,EARTHSS 144,3.4185714285714286
1255,EARTHSS 164,3.35
1256,EARTHSS 174,3.43
1257,EARTHSS 178,3.15
1258,EARTHSS 180,3.47
1259,EARTHSS 190B,3.7980000000000005
1260,E ASIAN 116,3.2533333333333334
1261,E ASIAN 120,3.2528571428571422
1262,E ASIAN 130,3.128
1263,E ASIAN 140,3.1225
1264,ECON 105B,3.0918181818181822
1265,ECON 116A,2.9645454545454553
1266,ECON 123B,3.2888888888888888
1267,ECON 142CW,3.57125
1268,ECON 144A,3.0622222222222217
1269,ECON 145E,2.7766666666666664
1270,ECON 147B,2.863846153846154
1271,ECON 151A,2.84
1272,ECON 152A,2.957777777777778
1273,ECON H155,3.94
1274,ECON 161B,3.3275
1275,ECON 161D,3.473333333333333
1276,ECON 164AW,2.9985714285714287
1277,ECON H190A,3.8057142857142856
1278,ECON 199,3.9976923076923074
1279,EDUC 10,3.3544999999999994
1280,EDUC 104E,3.8900000000000006
1281,EDUC 109,3.9387499999999998
1282,EDUC 122B,3.6033333333333335
1283,EDUC 130,3.660555555555556
1284,EDUC 141H,4.0
1285,EDUC 143AW,3.652727272727273
1286,EDUC 145,3.833636363636363
1287,EDUC 149,3.470833333333333
1288,EDUC 181A,3.424285714285715
1289,EECS 22L,3.6133333333333333
1290,EECS 101,2.8499999999999996
1291,EECS 112L,3.2875
1292,EECS 118,3.083333333333333
1293,EECS 141A,3.03125
1294,EECS 144,3.2771428571428567
1295,EECS 152B,2.90875
1296,EECS 159B,3.927058823529412
1297,EECS 166A,2.594285714285714
1298,EECS 170B,2.817333333333333
1299,EECS 170LB,3.6418644067796606
1300,EECS 170E,3.33625
1301,EECS 174,3.36375
1302,EECS 180A,2.84875
1303,EECS 199,3.943666666666666
1304,ENGR 7B,3.771818181818182
1305,ENGR 30,2.4727777777777775
1306,ENGR 100,3.9633333333333334
1307,ENGLISH 8,3.3076923076923075
1308,ENGLISH 10,3.3181578947368418
1309,ENGLISH 28B,3.174
1310,EURO ST 11,3.474545454545455
1311,FLM&MDA 85B,3.160714285714286
1312,FLM&MDA 101A,3.138
1313,FLM&MDA 111,3.83125
1314,FLM&MDA 114,3.25
1315,FLM&MDA 117B,3.6700000000000004
1316,FLM&MDA 120B,3.836875
1317,FRENCH 1B,3.475454545454546
1318,FRENCH 1C,3.4285294117647056
1319,FRENCH 2B,3.3227272727272723
1320,FRENCH 100B,3.5524999999999998
1321,FRENCH 116,3.76
1322,GEN&SEX 50B,3.3853333333333335
1323,GEN&SEX 60B,3.5316666666666663
1324,GEN&SEX 100A,3.184
1325,GEN&SEX 100B,3.2357142857142853
1326,GEN&SEX 110B,3.198
1327,GEN&SEX 157A,3.504
1328,GEN&SEX 165B,3.2775
1329,GEN&SEX 188A,3.4166666666666665
1330,GERMAN 1B,3.493529411764706
1331,GERMAN 1AB,3.5716666666666668
1332,GERMAN 130,3.42
1333,GERMAN 150,3.594285714285714
1334,GLBLCLT 191,3.3966666666666665
1335,GREEK 1B,3.7399999999999998
1336,HISTORY 15A,3.2299999999999995
1337,HISTORY 16B,3.36
1338,HISTORY 18A,3.436000000000001
1339,HISTORY 36A,3.42
1340,HISTORY 37A,3.25
1341,HISTORY 70F,3.6870000000000003
1342,HISTORY 110D,3.385
1343,HISTORY 122B,3.275
1344,HISTORY 132B,3.855
1345,HISTORY 135G,3.0366666666666666
1346,HISTORY 142A,3.54375
1347,HISTORY 152,3.4659999999999997
1348,HISTORY 163,2.9325
1349,HISTORY 164B,3.58
1350,HISTORY 171E,3.41
1351,HUMAN 1B,3.4580327868852465
1352,HUMAN 1BS,3.2123600000000003
1353,HUMAN 1BES,2.727692307692308
1354,HUMAN H1BS,3.603240740740741
1355,HUMAN 55,3.226
1356,IN4MATX 113,3.6036363636363635
1357,IN4MATX 117,3.769166666666667
1358,IN4MATX 122,3.57625
1359,IN4MATX 141,3.2089473684210525
1360,IN4MATX 151,3.3069230769230766
1361,IN4MATX 172,3.806666666666667
1362,IN4MATX 191C,3.6
1363,IN4MATX 199,3.894285714285714
1364,I&C SCI 4,3.348333333333333
1365,I&C SCI 5,3.386
1366,I&C SCI 53,3.070833333333333
1367,I&C SCI 53L,3.0996124031007755
1368,I&C SCI 61,3.5425
1369,I&C SCI 160,2.98
1370,I&C SCI 161,3.6566666666666667
1371,I&C SCI 167,3.28875
1372,I&C SCI 169B,3.77
1373,INTL ST 111B,2.6559999999999997
1374,INTL ST 114A,2.6260000000000003
1375,INTL ST 143A,3.032
1376,INTL ST 165,3.2075
1377,INTL ST 174,3.49
1378,INTL ST 177B,3.17
1379,INTL ST 183B,3.7920000000000003
1380,ITALIAN 1B,3.3633333333333333
1381,ITALIAN 2B,3.315
1382,JAPANSE 1B,2.995531914893617
1383,JAPANSE 2B,3.1035
1384,JAPANSE 3B,3.2762499999999997
1385,JAPANSE 100B,3.6133333333333333
1386,JAPANSE 101A,3.71
1387,KOREAN 1B,3.4725806451612904
1388,KOREAN 1KB,3.64
1389,KOREAN 2B,3.2730769230769234
1390,KOREAN 2KB,3.33
1391,KOREAN 3B,3.6266666666666665
1392,LATIN 103,3.473333333333333
1393,LINGUIS 20,2.968
1394,LINGUIS 175,3.235
1395,LIT JRN 100,3.2212500000000004
1396,LIT JRN 101A,3.4975
1397,LPS 30,3.4205263157894743
1398,LPS H80,3.62
1399,LPS H125,3.84
1400,LPS H141,3.7459999999999996
1401,MGMT 133,3.411
1402,MGMT 149,3.507142857142857
1403,MGMT 152,3.52
1404,MGMT 165,3.745
1405,MGMT 167,3.9
1406,MGMT 178,3.71625
1407,MGMT 189,3.5427272727272725
1409,MATH 105B,3.223125
1410,MATH 105LB,3.588125
1411,MATH 112B,2.8275
1412,MATH 120B,2.7566666666666664
1413,MATH 121B,2.7100000000000004
1414,MATH 130B,2.7519354838709673
1415,MATH 133A,2.919090909090909
1416,MATH 140B,2.8172093023255815
1417,MATH 161,2.734285714285715
1418,ENGRMAE 60,2.7476923076923074
1419,ENGRMAE 112,2.8833333333333333
1420,ENGRMAE 114,3.2257142857142855
1421,ENGRMAE 146,2.76375
1422,ENGRMAE 147,2.909166666666667
1423,ENGRMAE 151,3.435
1424,ENGRMAE 152,3.1900000000000004
1425,ENGRMAE 153,3.1028571428571428
1426,ENGRMAE 157,3.1866666666666665
1427,ENGRMAE 158,2.9125
1428,ENGRMAE 164,3.14
1429,ENGRMAE 199,3.938333333333334
1430,MUSIC 15B,2.9000000000000004
1431,MUSIC 16B,3.097777777777778
1432,MUSIC 40C,2.6412500000000003
1433,MUSIC 42,2.365
1434,MUSIC 45,2.8685714285714288
1435,MUSIC 51,3.734545454545455
1436,MUSIC 82B,3.854
1437,MUSIC 150,3.71
1438,MUSIC 155,3.0075
1439,MUSIC 156B,3.69
1440,MUSIC 162,3.93125
1441,MUSIC 180W,3.36
1442,NUR SCI 112LB,3.6075
1443,NUR SCI 114B,3.6500000000000004
1444,NUR SCI 118B,3.4137500000000003
1445,NUR SCI 125,3.9575
1446,NUR SCI 135,3.9725
1447,NUR SCI 150,3.4922222222222223
1448,NUR SCI 160,3.96875
1449,NUR SCI 179A,3.8975
1450,PERSIAN 1B,3.904
1451,PHRMSCI 177,3.1325
1452,PHRMSCI 177L,3.5421666666666667
1453,PHRMSCI 199,4.0
1454,PHILOS 11,2.74
1455,PHILOS 22,3.327777777777778
1456,PHILOS 100W,2.81
1457,PHILOS 113,3.013333333333333
1458,PHILOS 120,2.89625
1459,PHILOS 142W,3.29
1460,PHILOS 144,3.317142857142857
1461,PHY SCI 105,3.596315789473684
1462,PHYSICS 20B,3.36375
1463,PHYSICS 21,3.0383333333333336
1464,PHYSICS 52B,3.2314814814814814
1465,PHYSICS 61A,2.8925
1466,PHYSICS H90,3.4650000000000003
1467,PHYSICS 111B,2.91625
1468,PHYSICS 112A,2.555
1469,PHYSICS 125A,3.33375
1470,PHYSICS 137,3.001666666666667
1471,PHYSICS 138,2.9857142857142853
1472,PP&D 102,3.0375
1473,PP&D 113,3.3666666666666667
1474,PP&D 131,3.4250000000000003
1475,PP&D 139,3.035
1476,PP&D 151,3.0766666666666667
1477,PP&D 152,3.41
1478,PP&D 170,2.3899999999999997
1479,POL SCI 6C,3.1366666666666667
1480,POL SCI 121A,3.318333333333334
1481,POL SCI 122A,3.108571428571428
1482,POL SCI 124A,3.8374999999999995
1483,POL SCI 136D,3.26
1484,POL SCI 137BW,3.4059999999999997
1485,POL SCI 139,3.057142857142857
1486,POL SCI 143G,2.93125
1487,POL SCI 145A,3.83
1488,POL SCI 151C,2.975
1489,POL SCI 152C,3.27
1490,POL SCI 158D,3.25625
1491,POL SCI 171F,3.072
1492,POL SCI 171G,2.975
1493,POL SCI 174CW,2.8733333333333335
1494,POL SCI 199,3.925
1495,PSY BEH 112D,2.642
1496,PSY BEH 113D,2.724
1497,PSY BEH 114D,2.61
1498,PSY BEH 160C,3.442
1499,PSY BEH 163C,3.3525
1500,PSY BEH 171S,3.105
1501,PSY BEH 178S,2.378
1502,PSY BEH 180S,3.38
1503,PSY BEH 190,3.79
1504,PSY BEH 192J,3.3
1505,PSY BEH 193E,2.735
1506,PSY BEH 193G,3.19
1507,PUBHLTH 60,3.6675000000000004
1509,PUBHLTH 106,3.825
1510,PUBHLTH 120,3.6185714285714288
1511,PUBHLTH 129,3.5300000000000002
1512,PUBHLTH 151,3.02
1514,PUBHLTH H192B,4.0
1515,PUBHLTH 193,3.7075
1516,PUBHLTH 194B,3.9375
1517,REL STD 5B,3.33
1518,REL STD 140,2.85
1519,ROTC 142,3.822
1520,RUSSIAN 1B,3.6175
1521,RUSSIAN 2B,3.5199999999999996
1522,RUSSIAN 150,3.3620000000000005
1524,SOCECOL 111,3.4775
1526,SOC SCI H1F,3.69125
1527,SOC SCI 5B,3.4414285714285713
1529,SOC SCI 40,3.30375
1530,SOC SCI 70A,2.9133333333333336
1531,SOC SCI 78B,3.28375
1532,SOC SCI 102A,3.675
1533,SOC SCI 119,3.3957142857142855
1534,SOC SCI 173G,3.61
1535,SOC SCI 173I,3.41
1536,SOC SCI 178F,3.6700000000000004
1537,SOC SCI 183B,3.755
1539,SOC SCI 185W,3.0477272727272724
1541,SOC SCI 193B,3.29
1542,SOC SCI 195B,3.832
1543,SOC SCI 199,3.9957142857142856
1544,SOCIOL 10B,2.927
1545,SOCIOL 41,3.2075
1546,SOCIOL 64,3.486666666666667
1547,SOCIOL 120W,3.374
1548,SOCIOL 136,3.0066666666666664
1549,SOCIOL 149,2.84
1550,SOCIOL 155BW,3.388333333333333
1551,SOCIOL 164W,2.983333333333333
1552,SOCIOL 170A,3.152
1553,SOCIOL 179,3.3699999999999997
1554,SPANISH 1AB,3.161428571428572
1555,SPANISH 3A,3.2433333333333336
1556,SPANISH 107,2.9799999999999995
1557,SPANISH 119,3.745384615384615
1558,SPANISH 123,3.8225000000000002
1559,SPANISH 185,3.7655555555555558
1560,SPANISH 190,3.771111111111111
1561,STATS 111,3.637142857142856
1562,STATS 120B,3.222222222222222
1564,VIETMSE 1B,3.57375
1565,VIETMSE 2B,3.7485714285714287
1566,WRITING 90,3.6927272727272724
1567,WRITING 101W,3.7321428571428568
1569,AFAM 163,3.7300000000000004
1570,ANTHRO 2C,2.804117647058823
1571,ANTHRO 10C,3.2425
1572,ANTHRO 125X,3.1075000000000004
1573,ANTHRO 128A,3.314
1574,ANTHRO 128C,3.7120000000000006
1575,ANTHRO 134C,3.39
1576,ANTHRO 135A,3.4
1577,ANTHRO 136D,3.3659999999999997
1578,ANTHRO 151A,3.4699999999999998
1579,ANTHRO 163A,2.96
1580,ANTHRO 164A,3.415
1581,ANTHRO 165A,3.3625
1582,ARABIC 1C,3.6714285714285713
1583,ARABIC 2C,3.76
1584,ART 1C,3.2275
1585,ART 9C,3.6763636363636363
1586,ART 12B,3.2659999999999996
1587,ART 20B,3.7810526315789477
1588,ART 50C,3.96
1589,ART 106C,3.74
1590,ART 121B,3.7339999999999995
1591,ART 125,3.9266666666666663
1592,ART 130A,3.7760000000000007
1593,ART 131,3.54
1594,ART 152A,3.7307692307692313
1595,ART HIS 40C,3.2275
1596,ART HIS 42C,3.24
1597,ART HIS 114,3.7080000000000006
1598,ART HIS 120,3.502
1599,ART HIS 145C,3.692857142857143
1600,ART HIS 150,3.07
1601,ART HIS 162C,3.266666666666667
1602,ASIANAM 53,3.42375
1603,ASIANAM 100W,3.53375
1604,ASIANAM 117,3.76
1605,ASIANAM 138,3.4766666666666666
1606,ASIANAM 151D,3.69
1607,ASIANAM 163,3.715
1608,ASIANAM 168,3.4799999999999995
1609,BIO SCI 9K,3.595
1610,BIO SCI 43,2.96
1611,BIO SCI 47,3.3642857142857143
1612,BIO SCI 75,3.20625
1613,BIO SCI D105,3.035
1614,BIO SCI N112C,3.5
1615,BIO SCI E115L,3.1925
1616,BIO SCI M116,3.27
1617,BIO SCI M119,3.87875
1618,BIO SCI E120,3.29875
1619,BIO SCI M120,3.255
1620,BIO SCI M125,3.078333333333333
1621,BIO SCI D133,3.302222222222222
1622,BIO SCI D135,3.5033333333333334
1623,BIO SCI E140L,3.4425
1624,BIO SCI D148,2.5566666666666666
1625,BIO SCI N150,3.5366666666666666
1626,BIO SCI E151,3.0675
1627,BIO SCI E153,2.958571428571428
1628,BIO SCI N153,3.55
1629,BIO SCI N154,3.5625
1630,BIO SCI N159,3.58
1631,BIO SCI E160,3.4
1632,BIO SCI E161L,3.985
1633,BIO SCI E172,3.1550000000000002
1634,BIO SCI E189,3.22
1635,BIO SCI H195,3.9413333333333336
1636,BME 60C,3.2275
1637,BME 110C,3.1185714285714283
1638,BME 111,3.12125
1639,BME 150,3.12
1640,BME 170,3.51875
1641,BME 180C,3.785
1642,BME 195,3.6426666666666665
1643,CBEMS 45C,2.605
1644,CBEMS 50L,3.87
1645,CBEMS 112,3.0100000000000002
1646,CBEMS 125C,2.492
1647,CBEMS 133,3.505
1648,CBEMS 141,3.0150000000000006
1649,CBEMS 149B,3.6020000000000003
1650,CBEMS 160,3.0260000000000002
1651,CBEMS 165,3.054
1652,CBEMS 169,2.912
1653,CBEMS 189C,3.622
1654,CBEMS 191,3.9050000000000002
1655,CHEM H2C,3.4225000000000003
1656,CHEM H2LC,3.684
1657,CHEM M3C,3.1316666666666664
1658,CHEM M52LC,3.276666666666667
1659,CHEM H90,3.38125
1660,CHEM 125,3.0650000000000004
1661,CHEM 131C,3.356666666666667
1662,CHEM 137,3.07
1663,CHEM 138,3.8525000000000005
1664,CHEM 156,3.1316666666666664
1665,CHEM H180C,4.0
1666,CHEM H181W,3.9925
1667,CHC/LAT 65,2.955714285714286
1668,CHC/LAT 134,3.5399999999999996
1669,CHC/LAT 150,2.9625
1670,CHC/LAT 161,2.8449999999999998
1671,CHC/LAT 163,3.055
1672,CHC/LAT 167,2.73
1673,CHC/LAT 169,3.318181818181819
1674,CHC/LAT 178A,3.505714285714286
1675,CHINESE 1C,3.4693750000000003
1676,CHINESE 1DC,3.6
1677,CHINESE 1MC,3.5637499999999998
1678,CHINESE 2C,3.33875
1679,CHINESE 2MC,3.585
1680,CHINESE 3C,3.645
1681,ENGRCEE 11,2.8227272727272728
1682,ENGRCEE 21,3.0387500000000003
1683,ENGRCEE 110,3.06
1684,ENGRCEE 123,2.88875
1685,ENGRCEE 124,3.1125
1686,ENGRCEE 151C,3.2775
1687,ENGRCEE 156,2.6449999999999996
1688,ENGRCEE 160,3.07625
1689,ENGRCEE 163,3.07625
1690,ENGRCEE 181C,3.65
1691,CLASSIC 36B,3.4387499999999998
1692,CLASSIC 37C,3.0700000000000003
1693,CLASSIC 45C,3.3687500000000004
1694,PSYCH 10C,3.5100000000000002
1695,PSYCH 21A,3.341666666666667
1696,PSYCH H101C,3.9125
1697,PSYCH H111C,3.8625000000000003
1698,PSYCH 112C,3.775
1699,PSYCH 112D,3.2825
1700,PSYCH 112LD,3.245
1701,PSYCH 120P,3.4385714285714286
1702,PSYCH 121P,3.78
1703,PSYCH 121S,3.3633333333333333
1704,PSYCH 124V,3.5025
1705,PSYCH 140L,2.7214285714285715
1706,PSYCH 141L,3.995
1707,PSYCH 143P,2.8083333333333336
1708,PSYCH 145R,3.9299999999999997
1709,PSYCH 148C,3.986666666666667
1710,PSYCH 149,3.2991666666666664
1711,PSYCH 150,3.3214285714285716
1712,PSYCH 162A,2.19
1713,PSYCH 169,3.5936842105263165
1714,COM LIT 60C,3.5612500000000002
1715,COM LIT 120,3.4
1716,COM LIT 132,3.69
1717,COMPSCI 117,3.51375
1718,COMPSCI 122C,2.73
1719,COMPSCI 131,2.9775
1720,COMPSCI 137,3.3274999999999997
1721,COMPSCI 145A,3.83
1722,COMPSCI 145B,3.8577777777777778
1723,COMPSCI 154,3.233333333333333
1724,COMPSCI 163,3.165
1725,COMPSCI 164,3.18
1726,CSE 43,3.039375
1727,CSE 145A,3.8433333333333333
1728,CSE 181CW,3.31
1729,CRM/LAW C104,3.4177777777777774
1730,CRM/LAW C111,3.4699999999999998
1731,CRM/LAW C130,2.4999999999999996
1732,CRM/LAW C145,3.5625
1733,CRM/LAW C163,3.123333333333333
1737,DANCE 52C,3.8442857142857143
1738,DANCE 60C,3.9200000000000004
1739,DANCE 90C,3.31625
1740,DANCE 132C,3.486666666666667
1741,DANCE 133C,3.385333333333334
1742,DANCE 134C,3.52
1743,DANCE 135C,3.8587499999999997
1744,DANCE 137,3.9057142857142857
1745,DANCE 142C,3.8287500000000003
1746,DANCE 143C,3.6862500000000002
1747,DANCE 144C,3.8285714285714287
1748,DANCE 152C,3.825454545454545
1749,DANCE 153C,3.8775
1750,DANCE 154C,3.75
1751,DANCE 164,3.936
1752,DANCE 165,3.9842857142857144
1753,DANCE 171,3.975
1754,DANCE 172,3.9859999999999998
1755,DANCE 195,3.8600000000000003
1757,UNI STU 13C,2.915
1758,UNI STU 100,3.774
1760,UNI STU 190,3.92875
1762,DRAMA 30C,3.4217073170731713
1763,DRAMA 40C,3.6015789473684214
1764,DRAMA 60,3.7760000000000007
1765,DRAMA 83,3.46
1766,DRAMA 112W,3.328888888888889
1767,DRAMA 129,3.7873684210526313
1768,DRAMA 134,3.658
1769,DRAMA 190,3.9828571428571427
1770,DRAMA 191,3.957142857142857
1771,DRAMA 192,3.9957142857142856
1772,DRAMA 193,3.9385714285714286
1773,DRAMA 194,3.947142857142857
1774,EARTHSS 7,2.80625
1775,EARTHSS 55,2.95625
1776,EARTHSS 60C,3.2600000000000002
1777,EARTHSS 101,3.34
1778,EARTHSS 132,3.268571428571429
1779,EARTHSS 138,3.2028571428571433
1780,EARTHSS 142,3.1174999999999997
1781,EARTHSS 182,3.3920000000000003
1782,EARTHSS 190CW,3.566666666666667
1783,ECON 17,3.0125
1784,ECON 105C,3.2775
1785,ECON 116B,3.225
1786,ECON 123CW,3.248571428571428
1787,ECON 139,3.435
1788,ECON 144B,2.911111111111111
1789,ECON 145FW,3.0300000000000002
1790,ECON 148,3.1487499999999997
1791,ECON 154,3.629
1792,ECON 162,3.13625
1793,ECON 164C,2.9316666666666666
1794,ECON 165,3.217777777777778
1795,ECON 167,3.086153846153846
1796,ECON 190BW,3.8042857142857147
1797,EDUC 15,3.2744444444444447
1798,EDUC 122C,3.545
1799,EDUC 126,3.433333333333334
1800,EDUC 128,3.6064705882352937
1801,EDUC 132,3.625
1802,EDUC 141C,3.9875
1803,EDUC 141I,4.0
1804,EDUC 148,3.751818181818182
1805,EDUC 185,3.252
1806,EDUC 190,3.31
1807,EDUC 191,3.62
1808,EDUC 199,3.893529411764706
1809,EECS 1,3.706363636363636
1810,EECS 20,3.1242857142857146
1811,EECS 40,2.8925
1812,EECS 111,3.17
1813,EECS 113,3.64
1814,EECS 117,3.3285714285714287
1815,EECS 141B,3.07
1816,EECS 159CW,3.33
1817,EECS 170C,2.7653846153846158
1818,EECS 170LC,3.2945454545454544
1819,EECS 176,3.2283333333333335
1820,EECS 180B,3.0516666666666663
1821,EECS 182,3.0300000000000002
1822,ENGR 165,3.095714285714286
1823,ENGR 189,3.5620000000000003
1824,ENGLISH 11,3.3171428571428576
1825,EURO ST 190W,3.66
1826,FLM&MDA 85C,3.33
1827,FLM&MDA 101B,3.2350000000000003
1828,FLM&MDA 117C,3.7533333333333334
1829,FLM&MDA 120C,3.847142857142857
1830,FLM&MDA 144,3.29375
1831,FRENCH 2C,3.3889473684210527
1832,FRENCH 101C,3.4875
1833,FRENCH 140,3.78
1834,FRENCH 185,3.085
1835,GEN&SEX 50C,3.3766666666666665
1836,GEN&SEX 60C,3.6475
1837,GEN&SEX 100C,3.3599999999999994
1838,GEN&SEX 110A,3.5740000000000003
1839,GEN&SEX 110C,3.59
1840,GEN&SEX 120A,3.5199999999999996
1841,GEN&SEX 120B,3.358571428571428
1842,GEN&SEX 189,3.425
1843,GERMAN 1C,3.3550000000000004
1844,GERMAN 1BC,3.3499999999999996
1845,GERMAN 2C,3.6228571428571428
1846,GERMAN 97,4.0
1847,GREEK 1C,3.425
1848,HISTORY 15F,3.4899999999999998
1849,HISTORY 16C,3.27875
1850,HISTORY 36B,3.4075
1851,HISTORY 37C,3.15
1852,HISTORY 70B,3.4377777777777774
1853,HISTORY 70D,3.326363636363636
1854,HISTORY 126B,3.235
1855,HISTORY 132H,3.6833333333333336
1856,HISTORY 148B,3.08
1857,HISTORY 166,3.12625
1858,HISTORY 172G,3.3375
1859,HISTORY 180,3.56
1860,HUMAN 1C,3.5519148936170217
1861,HUMAN 1CS,3.312007722007722
1862,HUMAN H1CS,3.664166666666667
1863,IN4MATX 124,3.248571428571428
1864,IN4MATX 132,3.6025000000000005
1865,IN4MATX 134,3.811111111111111
1866,IN4MATX 143,3.495
1867,IN4MATX 153,3.457142857142857
1868,IN4MATX 163,3.618
1869,IN4MATX 190,3.3599999999999994
1870,I&C SCI 62,3.475714285714286
1871,I&C SCI 163,3.55375
1872,I&C SCI 166,3.7322222222222226
1873,I&C SCI 168,3.76
1874,INTL ST 117A,2.8899999999999997
1875,INTL ST 131A,2.9333333333333336
1876,INTL ST 145A,3.258666666666667
1877,INTL ST 152A,2.63
1878,INTL ST 156A,3.3899999999999997
1879,INTL ST 158B,2.634285714285714
1880,INTL ST 161A,3.27875
1881,INTL ST 175A,3.043333333333333
1882,INTL ST 176I,2.84
1883,INTL ST 177D,3.23125
1885,ITALIAN 1C,3.3353333333333333
1886,ITALIAN 2C,3.2166666666666663
1887,JAPANSE 1C,3.089
1888,JAPANSE 2C,3.1287499999999997
1889,JAPANSE 3C,3.29
1890,JAPANSE 101B,3.71
1891,KOREAN 1C,3.4699999999999998
1892,KOREAN 1KC,3.3833333333333333
1893,KOREAN 2C,3.1763636363636363
1894,KOREAN 2KC,3.2024999999999997
1895,LATIN 1C,3.5399999999999996
1896,LINGUIS 155,3.47
1897,LPS 31,3.607692307692308
1898,MGMT 138,3.5330769230769232
1899,MGMT 144,3.3316666666666666
1900,MGMT 147,3.836
1901,MGMT 150,3.448571428571429
1902,MGMT 173,3.4966666666666666
1903,MGMT 174,3.4933333333333336
1904,MGMT 182,3.5462499999999997
1905,MGMT 192,3.348333333333333
1907,MATH 8,3.28875
1908,MATH 107,3.1916666666666664
1909,MATH 107L,3.5316666666666667
1910,MATH 112C,3.222
1911,MATH 115,3.0425
1912,MATH 130C,2.9110000000000005
1913,MATH 140C,3.0225
1914,MATH 141,3.0375
1915,MATH 180B,2.9440000000000004
1916,MATH 184,3.01375
1917,ENGRMAE 106,3.4299999999999997
1918,ENGRMAE 113,3.508333333333333
1919,ENGRMAE 118,3.6075
1920,ENGRMAE 135,2.8575
1921,ENGRMAE 145,3.5844444444444443
1922,ENGRMAE 155,2.7575000000000003
1923,ENGRMAE 159,3.3062500000000004
1924,ENGRMAE 175,3.09
1925,MUSIC 16C,3.0928571428571425
1926,MUSIC 40D,2.86125
1927,MUSIC 82C,3.781428571428571
1928,MUSIC 132,3.22
1929,MUSIC 136,3.52
1930,MUSIC 148,3.6981818181818187
1931,MUSIC 164,3.9293333333333336
1932,MUSIC 189,4.0
1934,NUR SCI 120,3.7442857142857138
1935,NUR SCI 140,3.82
1936,NUR SCI 170,3.88625
1937,NUR SCI 179B,3.9514285714285715
1938,PERSIAN 1C,3.8783333333333334
1939,PHRMSCI 170B,3.339
1940,PHRMSCI 173,2.9675
1941,PHRMSCI 176,2.98
1942,PHILOS 31,3.475
1943,PHILOS 101,3.1371428571428566
1944,PHILOS 102W,3.3949999999999996
1945,PHILOS 111,2.7566666666666664
1946,PHILOS 130,3.1941666666666664
1947,PHILOS 150,3.3674999999999997
1948,PHYSICS 20E,3.346428571428571
1949,PHYSICS 50,3.2089999999999996
1950,PHYSICS 51A,2.7075
1951,PHYSICS 52C,3.2217857142857147
1952,PHYSICS 53,3.1928571428571426
1953,PHYSICS 61B,3.06875
1954,PHYSICS 112B,2.6750000000000003
1955,PHYSICS 113A,2.757777777777777
1956,PHYSICS 121W,3.309375
1957,PHYSICS 144,3.0033333333333334
1958,PHYSICS 147C,3.5
1959,PP&D 40,3.1024999999999996
1960,PP&D 103,3.31
1961,PP&D 110,3.2266666666666666
1962,PP&D 112,3.652
1963,PP&D 132,3.3625
1964,PP&D 166,3.165
1965,POL SCI 6B,3.1100000000000003
1966,POL SCI 32A,3.2688888888888887
1967,POL SCI 126C,2.925
1968,POL SCI 126D,3.22
1969,POL SCI 126F,3.6566666666666667
1970,POL SCI 135B,3.0300000000000002
1971,POL SCI 137C,3.005
1972,POL SCI 138CW,3.425
1973,POL SCI 142G,2.84
1974,POL SCI 151H,3.224
1975,POL SCI 152F,2.9000000000000004
1976,POL SCI 153B,3.385
1977,POL SCI 154G,3.387142857142858
1978,POL SCI 155C,3.12875
1979,POL SCI 156A,3.436666666666666
1980,POL SCI 171B,3.28
1981,POL SCI 172A,3.309333333333333
1982,PSY BEH 100,3.005
1983,PSY BEH 110D,2.3949999999999996
1984,PSY BEH 111D,2.5260000000000002
1985,PSY BEH 138H,2.8175
1986,PSY BEH 162C,3.434
1987,PSY BEH 192I,2.6
1988,PSY BEH 192K,2.605
1989,PSY BEH 192U,3.3519999999999994
1990,PUBHLTH 125,3.4036363636363642
1991,PUBHLTH 126,3.71375
1992,PUBHLTH 148,3.5528571428571425
1993,PUBHLTH 167,3.32
1994,PUBHLTH 171,3.4000000000000004
1995,PUBHLTH 173,3.44
1996,PUBHLTH 180,3.44125
1998,PUBHLTH H192C,3.972
1999,REL STD 5C,3.335
2000,REL STD 100,3.428
2001,REL STD 103,2.825
2002,ROTC 13,3.8333333333333326
2003,RUSSIAN 1C,3.52
2004,RUSSIAN 2C,3.4942857142857138
2006,SOCECOL H190W,3.8987499999999997
2007,SOC SCI H1E,3.33
2008,SOC SCI 5A,3.5475
2009,SOC SCI 70C,3.062
2010,SOC SCI 123A,2.97
2011,SOC SCI 170A,3.0862499999999997
2012,SOC SCI 181A,3.38875
2013,SOC SCI 184B,3.935
2014,SOC SCI 193C,3.3125
2015,SOCIOL 10C,3.29125
2016,SOCIOL 43,3.19875
2017,SOCIOL 68A,3.1014285714285714
2018,SOCIOL 138,2.61
2019,SOCIOL 144,2.9536363636363636
2020,SOCIOL 150,3.1499999999999995
2021,SOCIOL 161,3.169166666666667
2022,SOCIOL 167AW,3.264285714285714
2023,SOCIOL 169,3.4044444444444446
2024,SOCIOL 170B,2.9825
2025,SOCIOL 175B,3.225
2026,SOCIOL 188BW,3.9749999999999996
2027,SPANISH 50,3.6254545454545455
2028,SPANISH 97,3.74
2029,SPANISH 104,3.71
2030,SPANISH 110C,3.5066666666666664
2031,SPANISH 186,3.6679999999999993
2032,SPANISH 187,3.4766666666666666
2033,STATS 120C,3.1366666666666667
2035,VIETMSE 1C,3.45625
2036,VIETMSE 2C,3.5912500000000005
2037,WRITING 110,3.923333333333334
2038,ANTHRO 136K,3.7116666666666664
2039,ASIANAM 55,3.708333333333334
2040,PSYCH 177P,2.69
2041,GEN&SEX 175,3.37
2042,GLBLCLT 103B,3.196
2043,HISTORY 15D,3.466666666666667
2044,PSY BEH 153C,3.225
2045,PUBHLTH 150,3.9120000000000004
2047,SOCIOL 156,3.2455555555555557
2048,AFAM 113,3.9233333333333333
2049,ANTHRO 136A,3.5500000000000003
2050,ART 50A,3.875
2051,ART 199,3.9493750000000003
2052,ART HIS 155A,3.33
2053,ART HIS 183C,3.41
2054,ARTS 1,3.838
2055,ASIANAM 137,3.313333333333334
2056,ASIANAM 151K,3.5400000000000005
2057,BIO SCI 41,3.2980000000000005
2058,BIO SCI N115A,3.535555555555556
2059,BIO SCI E117A,4.0
2060,BIO SCI M123,3.872
2061,BIO SCI N131,3.6475
2062,BIO SCI E155,3.8542857142857136
2063,BME 110A,2.89625
2064,CBEMS 158,3.245
2065,CBEMS 195,3.221428571428571
2066,CHEM M52LA,3.1566666666666667
2067,CHC/LAT H80,2.98
2068,CHC/LAT 132A,3.02
2069,CHC/LAT 151,2.73
2070,ENGRCEE 81A,3.0650000000000004
2072,PSYCH 109,3.68
2073,PSYCH 147C,2.87
2074,PSYCH 165A,4.0
2075,COM LIT 9,3.615714285714285
2076,COM LIT 102W,3.526923076923077
2077,COMPSCI 111,3.0414285714285714
2078,COMPSCI 169,3.275714285714286
2079,COMPSCI 179,3.72
2080,DANCE 127A,3.8
2081,DANCE 163,3.9528571428571424
2083,DRAMA 14,3.635
2084,DRAMA 143B,3.752
2085,DRAMA 148B,3.526
2086,E ASIAN 117,2.98
2087,E ASIAN 160,3.111666666666667
2088,ECON 23,3.3534782608695655
2089,ECON 115,3.26875
2090,ECON 131A,2.7437500000000004
2091,EECS 160A,2.565
2092,EECS 160LA,2.917307692307692
2094,FLM&MDA 143,3.58
2095,FRENCH 117,3.5100000000000002
2096,GEN&SEX 120C,3.515
2097,GEN&SEX 167A,3.47
2098,GLBLCLT 103A,3.8125
2099,HEBREW 50,3.7199999999999998
2100,HISTORY 102B,3.28
2101,HISTORY 135B,3.9699999999999998
2102,HISTORY 140B,3.29
2103,HISTORY 152A,3.4266666666666663
2104,HISTORY 166C,3.208333333333334
2107,IN4MATX 191A,3.857368421052631
2108,I&C SCI 162,3.5471428571428576
2110,INTL ST 122,3.6062499999999997
2111,INTL ST 142A,2.5949999999999998
2112,INTL ST 153C,3.5
2113,INTL ST 153E,3.64
2114,INTL ST 177E,3.168333333333333
2115,INTL ST H180,3.9240000000000004
2116,LPS H81,4.0
2117,LPS H95,3.73
2118,MGMT 4A,3.4066666666666663
2119,MATH 5A,2.545714285714286
2120,MATH 5B,2.6990000000000003
2121,MATH 9,3.1177777777777775
2122,MUSIC 68,3.95
2123,MUSIC 145,2.86
2124,MUSIC 146,3.632
2125,MUSIC 158A,3.626666666666667
2126,MUSIC 193,4.0
2127,MUSIC 197,3.982
2129,PHILOS 133,3.1675000000000004
2130,PHYSICS 20D,3.17125
2131,PHYSICS 139,2.8383333333333334
2132,PP&D 104,3.146
2133,POL SCI 124B,3.742
2134,POL SCI 153G,3.23
2135,POL SCI 175,3.01
2136,PSY BEH 154C,2.955
2137,SOCECOL 183CW,3.2818181818181817
2139,SOC SCI 78A,3.1457142857142864
2141,SPANISH 15,3.88
2142,SPANISH 110A,3.763333333333333
2143,SPANISH 140,3.59375
2144,VIETMSE 150,3.77
2145,AFAM 40B,3.600909090909091
2146,AFAM 117,2.86
2147,ANTHRO 125C,3.1550000000000002
2148,ANTHRO 132A,3.5014285714285713
2149,ARABIC 51,3.9066666666666663
2150,ART 65E,3.1900000000000004
2151,ART 119A,3.9
2152,ART 126B,3.786
2153,ART 132A,3.9200000000000004
2154,ART 133,3.67
2155,ART 144,3.6999999999999997
2156,ART HIS 44,3.448333333333333
2157,ART HIS 110,3.81
2158,ART HIS 121,3.22
2159,ART HIS 134C,3.344
2160,ART HIS 134E,3.58
2161,ASIANAM 151C,3.643333333333333
2162,ASIANAM 166,3.6233333333333335
2163,ASIANAM 167,3.18
2164,BIO SCI D113,4.0
2165,BIO SCI M114,3.3525000000000005
2166,BIO SCI N115B,3.4175
2167,BIO SCI E117B,4.0
2168,BIO SCI N119,3.485
2169,BIO SCI E145,3.7433333333333336
2170,BIO SCI N151,3.5666666666666664
2171,BIO SCI E184,3.8000000000000003
2172,BME 138,3.847142857142857
2173,CBEMS 164,3.2875
2174,CHC/LAT 166,3.7199999999999998
2175,CLASSIC 160W,3.33
2176,CLASSIC 170,3.44
2177,PSYCH 165B,3.99
2178,PSYCH 173A,3.57125
2179,PSYCH 176A,2.9283333333333332
2180,COM LIT 122,3.69
2181,COMPSCI 125,3.338333333333333
2182,COMPSCI 184A,3.3200000000000003
2183,COMPSCI 190,3.7521428571428572
2184,CRM/LAW C133,3.0300000000000002
2185,CRM/LAW C164,3.5583333333333336
2186,CRM/LAW C180,2.948
2187,DANCE 85,3.44
2188,DRAMA 16,3.8480000000000003
2189,DRAMA 164A,3.89
2190,EARTHSS 152,2.825
2191,ECON 117,2.8
2192,ECON 143,3.5075
2193,ECON 147A,3.183333333333333
2194,EDUC 141B,3.9499999999999997
2195,EDUC 158,3.5841666666666665
2196,EDUC 161,3.6566666666666667
2197,ENGR 80,2.5425
2198,FRENCH 1AB,3.2942857142857145
2199,FRENCH 101B,3.466666666666667
2200,FRENCH 119,3.6050000000000004
2201,GEN&SEX 157B,3.185
2202,GERMAN 2B,3.575
2203,GLBLCLT 105,2.565
2204,HISTORY 36C,3.435
2205,HISTORY 120D,3.3666666666666667
2206,HISTORY 151B,3.3033333333333332
2207,HISTORY 154,3.3975
2208,HISTORY 166B,3.7100000000000004
2209,HISTORY 171D,2.9259999999999997
2210,HISTORY 173G,3.4879999999999995
2211,HISTORY 193,3.901666666666667
2212,HUMAN H80,3.7842857142857143
2213,IN4MATX 162W,3.618
2214,INTL ST 142D,3.3966666666666665
2215,INTL ST 158D,3.2971428571428567
2216,INTL ST 177G,3.395
2217,LATIN 1B,3.3366666666666673
2218,LATIN 104,3.535
2219,LINGUIS 1,3.0450000000000004
2220,LPS H91,3.786666666666667
2221,MGMT 146A,3.235714285714286
2222,MGMT 155,3.476
2223,MGMT 166,3.8528571428571428
2224,MGMT 171,3.7616666666666667
2225,MATH 117,3.0125
2226,ENGRMAE 172,3.48
2227,MUSIC 41,3.25
2228,MUSIC 143W,2.33
2229,MUSIC 158B,3.62
2230,PHILOS 151,3.06
2231,PP&D 142,3.1166666666666667
2232,PP&D 155,3.4433333333333334
2233,PP&D 177,3.695
2234,POL SCI H80,3.98
2235,POL SCI 125A,3.2479999999999998
2236,POL SCI 138A,3.3150000000000004
2237,POL SCI 141C,3.495714285714286
2238,POL SCI 142B,3.7328571428571427
2239,POL SCI 152K,2.455
2240,PSY BEH 141H,2.9749999999999996
2241,PSY BEH 174S,2.72
2242,PSY BEH 192Q,3.2649999999999997
2243,PSY BEH 193C,3.2649999999999997
2244,PUBHLTH 141,2.765
2245,PUBHLTH 179,3.3066666666666666
2246,ROTC 132,3.912
2247,SOCECOL 183B,3.795
2248,SOCECOL 190,3.61
2250,SOCIOL 166,3.205
2251,SOCIOL 198,3.985
2253,WRITING 113,3.76
2254,AFAM 111B,3.0700000000000003
2255,AFAM 137,3.4766666666666666
2256,ANTHRO 121D,3.252
2257,ANTHRO 150A,3.3600000000000003
2258,ART 91,3.8575
2259,ART 108,3.9071428571428575
2260,ART 119,3.89
2261,ART 141,3.885
2262,ART 150C,3.8311111111111114
2263,ART 152C,3.88
2264,ART HIS 107,3.2133333333333334
2265,ART HIS 164B,3.3575
2266,ART HIS 165C,3.14
2267,ART HIS 185,3.33
2268,BIO SCI 2C,4.0
2269,BIO SCI 9G,3.06
2271,BIO SCI E117C,4.0
2272,BIO SCI E131L,3.908181818181818
2273,BIO SCI N134,4.0
2274,BIO SCI N138,3.296666666666667
2275,BIO SCI E139,3.436
2276,BIO SCI E168,3.4074999999999998
2277,BIO SCI N176,3.9633333333333334
2278,BIO SCI E188,3.3150000000000004
2279,CBEMS 143,3.87
2280,CBEMS 174,3.29
2281,CHEM 153,3.064
2282,PSYCH 124S,3.39
2283,PSYCH 156A,3.55
2284,PSYCH 165C,4.0
2285,COM LIT 144,3.6049999999999995
2286,COMPSCI 114,3.2483333333333335
2287,COMPSCI 146,2.6633333333333336
2288,COMPSCI 165,3.3066666666666666
2289,CSE 145B,4.0
2290,CRM/LAW C101,3.29
2291,CRM/LAW C140,3.6875
2292,CRM/LAW C175,3.414285714285714
2293,DRAMA 176,3.428333333333333
2294,EARTHSS 27,2.6633333333333336
2295,EARTHSS 162,3.448333333333334
2296,ECON 158,3.0475000000000003
2297,EDUC 176,3.3728571428571428
2298,EECS 163,3.2039999999999997
2299,EECS 163L,3.3628571428571425
2300,FLM&MDA 151,3.385
2301,FRENCH 1BC,3.294285714285714
2302,FRENCH 97,3.98
2303,FRENCH 120,3.5875
2304,GEN&SEX 155,3.7040000000000006
2305,HISTORY 11,3.592857142857143
2306,HISTORY 15G,3.4766666666666666
2307,HISTORY 131B,3.4979999999999998
2308,HISTORY 166D,3.1239999999999997
2309,HISTORY 194,3.8350000000000004
2310,IN4MATX 102,3.5340000000000003
2311,IN4MATX 148,3.6816666666666666
2312,INTL ST 153B,3.19
2313,INTL ST 155A,3.4975
2314,INTL ST 176C,2.874
2315,INTL ST 177C,3.058
2316,LINGUIS 150,3.44
2317,MGMT 4B,3.4228571428571426
2318,MGMT 113,3.5628571428571427
2319,MGMT 123,3.7116666666666673
2320,MATH 120C,3.1266666666666665
2322,MUSIC 15C,3.1649999999999996
2323,MUSIC 158C,3.84
2325,NUR SCI 199,4.0
2326,PERSIAN 150,3.98
2327,PHILOS 7,3.96
2328,PHYSICS 61C,3.07
2329,PHYSICS 133,3.5574999999999997
2330,PHYSICS 145,3.356666666666667
2331,PP&D 156,3.733333333333334
2332,POL SCI 131C,2.794285714285714
2333,POL SCI 134F,3.2866666666666666
2334,POL SCI 141E,3.9480000000000004
2335,POL SCI 142J,3.1514285714285712
2336,POL SCI 151B,3.032
2337,POL SCI 171CW,3.46
2338,PSY BEH 184S,3.535
2339,PUBHLTH 107,3.0042857142857144
2340,REL STD 110,3.82
2341,REL STD 120,3.62
2342,ROTC 23,3.97
2343,ROTC 133,3.9760000000000004
2344,ROTC 153,4.0
2345,SOCECOL 195C,3.6
2346,SOC SCI 179,3.726
2347,SPANISH 3H,3.711111111111111
2348,BIO SCI 14,3.3760000000000003
2349,BIO SCI 11,3.717333333333334
2350,ECON 129,3.052857142857143
2351,ECON 141A,3.3899999999999997
2352,ENGR 195,3.285
2353,I&C SCI 11,2.98
2354,INTL ST 32A,3.2083333333333335
2355,MGMT 111,3.636
2356,PHRMSCI 76,3.1950000000000003
2357,PHRMSCI 198,3.9285714285714284
2358,PUBHLTH 30,3.101666666666667
2359,STATS 199,2.7300000000000004
2360,AFAM 157,2.9
2361,AFAM 158,3.755
2362,ANTHRO 162C,2.84
2363,ART 12C,3.0075000000000003
2364,ART 138,3.7359999999999998
2365,ART HIS 151B,3.073333333333333
2366,ART HIS 155D,3.3449999999999998
2367,ASIANAM 151J,3.83
2368,BIO SCI H93,3.836
2369,BIO SCI E127,3.7424999999999997
2370,CBEMS 128,2.9166666666666665
2371,CBEMS 154,2.92
2372,CBEMS 163,3.28
2373,CHEM 133,2.7750000000000004
2374,ENGRCEE 149,3.3260000000000005
2375,ENGRCEE 181A,3.5883333333333334
2376,CLASSIC 10,3.955
2378,COM LIT 160,3.374
2379,DANCE 80,3.045
2381,DRAMA 80,3.6545454545454548
2382,DRAMA 109W,4.0
2383,DRAMA 118,3.7100000000000004
2385,EARTHSS 158,3.52
2386,EARTHSS 168,3.59
2387,E ASIAN 170,3.0833333333333335
2388,FLM&MDA 113,3.11
2389,GLBL ME 60A,3.7020000000000004
2390,HISTORY 134D,3.56
2391,INTL ST 153D,3.56
2392,INTL ST 154C,3.91
2393,INTL ST 176L,3.28
2394,INTL ST 183CW,3.16125
2395,LINGUIS 164A,2.995
2396,PHILOS 110,3.5883333333333334
2397,POL SCI 10A,3.18
2398,POL SCI 122B,3.4699999999999998
2399,POL SCI 198,3.932
2400,PSY BEH 152C,2.79
2401,ROTC 21,3.9033333333333338
2402,ROTC 131,3.918
2403,SOC SCI 163A,2.045
2404,SOCIOL 143,2.8000000000000003
2405,AFAM 134A,3.65
2406,ANTHRO 125F,3.4299999999999997
2407,ART 152B,3.83
2408,ASIANAM 111,3.41
2409,ASIANAM 199,3.94
2410,BIO SCI 23,3.8633333333333333
2411,BIO SCI 56,3.686666666666666
2412,BIO SCI 108,3.936666666666667
2413,BIO SCI E138,3.08
2414,BIO SCI M144,3.19
2415,BIO SCI E154,3.0500000000000003
2416,BIO SCI N156,3.17
2417,CBEMS 65A,3.0733333333333337
2418,CBEMS 155L,3.385
2419,CHC/LAT 132B,3.2199999999999998
2420,CHC/LAT 148W,2.9299999999999997
2421,CHC/LAT 199,3.9879999999999995
2422,PSYCH 174H,3.4175
2423,COM LIT 121,3.5
2424,COMPSCI 172B,3.479999999999999
2425,CRM/LAW C123,3.435
2426,UNI STU 196,3.886
2427,EARTHSS 176W,3.33
2428,ECON 127A,3.1950000000000003
2429,ECON 137W,3.2133333333333334
2430,EDUC 180,3.605882352941176
2431,EURO ST 101A,3.7649999999999997
2432,FRENCH 118,3.31
2433,GLBL ME 60B,3.8475
2434,HISTORY 124B,3.14
2435,HISTORY 134E,3.69
2436,HISTORY 164A,3.665
2437,HUMAN H141,3.97
2438,INTL ST 141B,2.81
2439,KOREAN 101A,3.51
2440,MGMT 156,3.4400000000000004
2441,MATH 162A,3.0933333333333333
2442,MATH 199B,3.7040000000000006
2443,MED HUM 1,3.6799999999999997
2444,MUSIC 44,2.92
2445,MUSIC 126,4.0
2446,MUSIC 144W,2.8433333333333333
2447,PERSIAN 2B,3.9275
2448,PHRMSCI 163,3.6033333333333335
2449,PHILOS 123,3.0949999999999998
2450,PHILOS 145,3.09
2452,PP&D 115,3.37
2453,PP&D 130,3.385
2454,PP&D 178,2.91
2455,POL SCI 10B,3.67
2456,POL SCI 121F,3.205
2457,POL SCI 123B,3.8166666666666664
2458,POL SCI 128C,2.8819999999999997
2459,POL SCI 138AW,3.425
2460,POL SCI 157B,3.2414285714285715
2461,POL SCI H180D,3.6100000000000003
2462,PSY BEH 117D,3.0
2463,PSY BEH 193F,3.1966666666666668
2464,PUBHLTH 119,3.7700000000000005
2465,ROTC 12,3.9859999999999998
2466,SOCECOL 111W,3.4539999999999997
2467,SOC SCI 172D,2.41
2468,SOCIOL 164,2.996666666666666
2469,SOCIOL 171,3.4839999999999995
2470,SOCIOL 176,2.9299999999999997
2471,SPANISH 3J,3.67
2472,SPANISH 121,3.7275
2473,AFAM 111A,2.59
2474,ANTHRO 126A,3.165
2475,ART HIS 42D,3.236666666666667
2476,ART HIS 155C,3.48
2477,ART HIS 164A,3.183333333333333
2478,BIO SCI 2B,3.37
2479,BIO SCI M180,3.9183333333333334
2480,BIO SCI N182,3.7716666666666665
2481,BME 137,3.371666666666666
2482,CBEMS 65B,2.84
2483,CHC/LAT 157,3.1674999999999995
2484,CHC/LAT 158,3.4519999999999995
2485,CHC/LAT 189,3.4325
2486,ENGRCEE 164,3.3733333333333335
2487,COGS 110,3.5420000000000003
2488,PSYCH 121M,2.915
2489,PSYCH 131A,3.5866666666666664
2490,COMPSCI 145,3.772727272727273
2491,COMPSCI 145L,3.7697727272727275
2492,COMPSCI 177,3.2183333333333337
2493,CSE 145,3.896666666666667
2494,CSE 145L,3.98
2495,CRM/LAW C128,3.21
2496,CRM/LAW C132,2.824
2497,CRM/LAW C150,2.675
2498,DRAMA 118W,3.695
2499,DRAMA 195,3.9825
2500,EARTHSS 115,3.3000000000000003
2501,E ASIAN 1A,3.36
2502,E ASIAN 126,3.2175
2503,ECON 109,3.1775
2504,EURO ST 12,3.125384615384615
2505,GEN&SEX 170,3.76
2506,GERMAN 105,3.53
2507,GLBL ME 60C,3.875
2508,HISTORY 131D,3.2899999999999996
2509,HISTORY 132E,3.34
2510,HISTORY 134C,3.505
2511,HISTORY 174G,2.7466666666666666
2512,HUMAN H142W,3.9560000000000004
2513,INTL ST 147CW,3.754
2514,INTL ST 183E,3.3775
2515,ITALIAN 1BC,3.05
2516,KOREAN 3C,3.5519999999999996
2517,MGMT 115,3.5236363636363635
2518,MGMT 154,3.3000000000000003
2519,MGMT 199,4.0
2520,MATH 133B,3.1755555555555555
2521,ENGRMAE 132,2.66
2522,ENGRMAE 171,2.955
2523,MED HUM 3,3.4516666666666667
2524,MED HUM 195,4.0
2525,MUSIC 9,3.0575
2526,MUSIC H80,3.8975
2527,MUSIC 145W,3.4583333333333335
2528,PERSIAN 2C,3.9560000000000004
2529,PHILOS 13,3.3475
2530,PHILOS 104,2.766
2531,PHILOS 121,3.08
2532,PHYSICS 15,3.2760000000000007
2533,PHYSICS H80,3.546666666666667
2534,PHYSICS 135,2.723333333333333
2535,PP&D 133,3.33
2536,POL SCI 10C,3.06
2537,POL SCI 128BW,3.018
2538,ROTC 143,3.7975
2539,RUSSIAN 190,3.77
2540,SOCECOL 100,3.4850000000000003
2541,SOCECOL 195CW,3.9516666666666667
2542,SOC SCI 78C,3.286
2543,SOC SCI 178C,3.89
2544,SOCIOL 79,3.28
2545,SOCIOL 172,2.9633333333333334
2546,STATS 68,3.5883333333333334
2547,STATS 112,3.878333333333334
2548,BIO SCI 6,3.2575
2549,BIO SCI 92,3.29
2550,CHEM 12,3.1799999999999997
2551,CHEM M2A,3.1885714285714286
2552,DRAMA 20C,3.7739999999999996
2553,ECON 122CW,2.6999999999999997
2554,EDUC 25,3.4642857142857144
2555,MGMT 194,3.525714285714286
2556,ENGRMAE 93,3.869901960784314
2557,SOCECOL H20A,2.74
2558,STATS 298,3.21
2559,AFAM 125,2.855
2560,AFAM 145,2.06
2561,AFAM 152,3.555
2562,ART HIS 151C,2.875
2563,ART HIS 164D,3.0433333333333334
2564,ART HIS 164E,2.85
2565,ART HIS 196,3.585
2566,ASIANAM 162,3.55
2567,BIO SCI 46,4.0
2568,BIO SCI N120A,3.97375
2569,BIO SCI E190,3.58
2571,CHEM H30A,3.7025
2572,CHEM 101W,3.195
2573,CHEM 132A,2.8
2574,CHC/LAT 162A,2.6950000000000003
2575,ENGRCEE 195,3.865
2576,CLASSIC 176,4.0
2577,COGS 109,3.7925
2578,COM LIT 105,3.5366666666666666
2579,COM LIT 140,3.5866666666666664
2580,COMPSCI 183,3.8866666666666667
2581,CRM/LAW C117,3.17
2582,E ASIAN 15K,2.67
2583,ECON 11,3.12
2585,EDUC 152,3.735
2586,EDUC 179W,3.4018181818181814
2587,ENGLISH 15,3.4767567567567563
2588,FLM&MDA 146,3.3239999999999994
2589,FLM&MDA 192,3.785555555555556
2590,FRENCH 139W,3.465
2591,GERMAN 101,3.7
2592,HISTORY 131C,3.385
2593,HISTORY 135E,3.215
2594,I&C SCI 32A,2.816666666666667
2596,INTL ST 153F,3.7
2597,LINGUIS 139,2.62
2598,MATH H3A,3.0066666666666664
2599,MATH 199A,3.936666666666667
2600,ENGRMAE 193,3.9042857142857144
2601,PP&D 145,3.46
2602,POL SCI 136BW,3.48
2603,PSY BEH 115D,2.87
2604,PSY BEH 127D,2.8600000000000003
2605,PSY BEH 164C,2.85
2606,PUBHLTH 196A,3.57
2607,SOCECOL 195W,3.643333333333334
2608,SPPS 70A,2.9699999999999998
2609,SOC SCI 173N,3.405
2610,SOC SCI 177B,3.445
2611,WRITING 39AP,3.1030555555555557
2613,ART 110C,3.62
2614,ART 123B,3.914
2615,ART HIS 145B,3.675
2616,BIO SCI N120B,3.985
2617,BIO SCI M131,3.7099999999999995
2618,CHEM M2B,3.442
2619,CHEM 132B,2.7114285714285713
2620,CHEM 141,3.3383333333333334
2621,CHEM 180,4.0
2622,ENGRCEE 151B,3.178
2623,CLASSIC 150,3.38
2624,EARTHSS H30B,3.6999999999999997
2625,EARTHSS 40A,3.442
2626,EARTHSS 100,3.45
2627,EARTHSS 146,3.4875
2628,E ASIAN 15J,3.26
2629,ECON 12,3.1350000000000002
2630,FLM&MDA 118B,3.49
2631,FRENCH 171,3.13
2632,GERMAN 102,3.63
2633,HISTORY 130C,3.03
2634,HISTORY 132D,3.42
2635,HISTORY 136D,3.32
2636,HUMAN H82,3.38
2637,INTL ST 162B,3.26
2638,INTL ST 177I,3.295
2639,LINGUIS 43,3.275
2640,LINGUIS 151,3.73
2641,LINGUIS 169,3.5
2642,LPS 91,3.412
2643,MATH H2D,3.09
2644,MATH 113B,2.9225000000000003
2645,MATH 173B,3.455
2646,MUSIC 131,3.475
2647,PHILOS 108,3.83
2648,PHYSICS 120,3.3340000000000005
2649,PSY BEH 188S,2.5
2650,PSY BEH 192B,3.55
2651,PUBHLTH 196B,3.57
2652,ROTC 22,4.0
2653,SOC SCI 152A,2.785
2654,SOCIOL 173W,3.126666666666667
2655,STATS 115,3.468571428571429
2656,ANTHRO 198,4.0
2657,ART 115W,3.94
2658,ART HIS 128,3.61
2659,ART HIS 134D,3.365
2660,ART HIS 165B,3.45
2661,BIO SCI 101,3.5300000000000002
2662,BIO SCI N120C,3.9725
2663,BIO SCI M121L,3.818571428571428
2664,BIO SCI M133,3.6766666666666663
2665,CBEMS 115,3.565
2666,CHEM 132C,2.654285714285714
2667,CHEM 180W,3.62
2668,CHC/LAT 135,3.436666666666667
2669,CHINESE 100C,3.535
2670,COMPSCI 142B,3.3800000000000003
2671,CRM/LAW C118,3.41
2672,EARTHSS H30C,3.7725
2673,EARTHSS 40B,3.0420000000000003
2674,E ASIAN 15C,3.09
2675,EDUC 193,3.9071428571428575
2676,EECS 198,4.0
2677,ENGLISH 16,3.691818181818182
2678,ENGLISH 17,3.5291666666666672
2679,HISTORY 130F,3.4850000000000003
2680,HISTORY 185,3.71
2681,INTL ST 142G,3.56
2682,LINGUIS 159,3.72
2683,LINGUIS 164B,3.05
2684,LINGUIS 168S,3.59
2685,MATH H2E,3.57
2686,MATH 133C,3.1860000000000004
2687,MATH 184L,3.928
2688,MATH 199C,3.975
2689,NUR SCI 179BW,3.99
2690,PHRMSCI 3,3.804
2691,PHYSICS 106W,3.716
2692,PHYSICS 134A,3.46
2693,PP&D 129,3.74
2694,POL SCI 49,3.06
2695,POL SCI 121G,3.4433333333333334
2696,POL SCI 154J,3.5949999999999998
2697,POL SCI 174C,3.315
2698,PSY BEH 185S,3.3333333333333335
2699,PUBHLTH 132,3.52
2700,PUBHLTH 172,3.804
2701,PUBHLTH 189,3.5683333333333334
2702,REL STD 110W,3.2
2703,SOCECOL 189,3.9675000000000002
2704,SOC SCI 173L,2.03
2705,SOCIOL 157A,3.575
2706,EURO ST S10,3.6799999999999997
2707,POL SCI 154C,3.62
2708,EURO ST S11,3.678
2709,INTL ST 140A,3.185
2710,AFAM 199,2.39
2711,ANTHRO 25A,3.62875
2712,ARMN 1A,3.82
2713,ART HIS 100,3.5275000000000003
2714,ART HIS 163,3.21
2716,BIO SCI N117,3.6325000000000003
2717,BIO SCI E186L,3.1366666666666667
2718,CHEM 199,4.0
2719,COM LIT 142,3.64
2720,UNI STU 85A,3.18
2721,EARTHSS 70B,3.6675
2722,ECON 145L,3.4650000000000003
2723,EDUC 147,3.6075
2724,ENGR 199,3.51
2725,FLM&MDA 162,3.4525000000000006
2726,FLM&MDA 193,3.9025000000000003
2727,FRENCH 62,3.36
2728,FRENCH 170,3.4133333333333336
2729,HISTORY 134A,3.71
2730,HISTORY 160,3.105
2731,HUMAN H83,3.38
2732,INTL ST 1,3.815555555555555
2733,INTL ST 17,3.84
2734,MATH H120A,3.06
2735,MATH H140A,2.26
2736,NUR SCI 116,3.605
2737,PHILOS 131C,3.564285714285714
2738,PHILOS 162,3.52
2739,PHILOS 164,3.315
2740,POL SCI 45A,3.657142857142857
2741,POL SCI 138DW,3.145
2742,POL SCI 147CW,3.9025
2743,POL SCI 174A,3.4066666666666667
2744,PUBHLTH 7A,3.5
2745,PUBHLTH 174,3.41
2746,REL STD 17,2.76
2747,SOC SCI 12,2.7800000000000002
2748,SOC SCI 17,3.793333333333333
2749,SOC SCI H30D,3.925
2750,UPPP 4,3.62
2751,UPPP 40,3.138
2752,UPPP 100,3.503333333333334
2753,UPPP 101,3.4575
2754,UPPP 102,3.1875
2755,UPPP 145,3.4933333333333336
2756,UPPP 166,3.435
2757,UPPP 172,3.6171428571428565
2758,AFAM 156,3.77
2759,ANTHRO 30C,3.295
2760,ARMN 1B,3.83
2761,ART 152F,2.85
2762,BIO SCI 12,3.55
2763,BIO SCI E160L,4.0
2764,BIO SCI N190,3.49
2765,CHC/LAT 179,3.635
2766,PSYCH 122C,3.505
2767,PSYCH 159,3.63
2768,PSYCH 199,4.0
2769,CRM/LAW C174,2.7866666666666666
2770,UNI STU 176,3.9920588235294123
2771,UNI STU 198,3.996301369863014
2772,DRAMA 185,3.91
2773,EARTHSS 70A,3.1674999999999995
2774,ECON 126,3.86
2775,ECON 128,3.846666666666667
2776,EDUC 157,3.625
2778,ENGR 180,3.53
2779,ENGLISH 9,3.585
2780,ENGLISH 10B,3.0866666666666664
2781,GEN&SEX 171,3.535
2782,GEN&SEX 184,3.39
2783,HISTORY 128C,3.6533333333333338
2784,INTL ST 163,3.7125000000000004
2785,LINGUIS 143,2.77
2786,MGMT 196,3.4266666666666663
2787,MATH 10,3.3261538461538462
2788,MATH 110A,3.16
2789,MUSIC 48,3.6937499999999996
2790,MUSIC 147,3.6366666666666667
2791,NUR SCI 179AW,3.995
2792,PHILOS 3,3.1888888888888887
2793,PHILOS 91,3.375
2794,PHILOS 121A,3.4
2795,PHYSICS 113C,3.625
2796,POL SCI 11C,3.4133333333333336
2797,POL SCI 154KW,3.25
2798,REL STD 130,3.88
2799,SOC SCI 4A,3.7819999999999996
2800,SOCIOL 177W,3.426666666666667
2801,UPPP H30E,3.9333333333333336
2802,UPPP 108,3.215
2803,UPPP 113,3.3266666666666667
2804,UPPP 131,3.4875
2805,UPPP 139,3.4600000000000004
2806,UPPP 142,3.51
2807,UPPP 146,3.3433333333333337
2808,UPPP 152,3.59
2809,UPPP 153,3.49
2810,UPPP 178,3.1725
2811,AFAM 159,3.203333333333333
2812,ANTHRO 45A,3.4633333333333334
2813,ANTHRO 134B,3.635
2814,ANTHRO 138,3.69
2815,ANTHRO 148,3.86
2816,ARMN 1C,3.9400000000000004
2817,ART 132B,3.9633333333333334
2818,ART 170,3.66
2819,ART 190B,3.8925
2820,BIO SCI N174,3.215
2821,CHC/LAT 121,3.13
2822,CRM/LAW C182,2.93
2823,DANCE 160,3.88
2824,DRAMA 121,3.19
2825,EARTHSS 40C,3.17
2826,EARTHSS 171,3.2
2827,EARTHSS 177W,3.3725
2828,E ASIAN 192W,3.16
2829,ECON 146A,3.12
2830,EDUC 52,3.0200000000000005
2831,EDUC 142,3.31
2832,EDUC 144,3.316666666666667
2833,EECS 195,3.6277777777777778
2834,ENGLISH 11C,3.54
2835,FRENCH 180,3.5
2836,GEN&SEX 197,3.643333333333333
2837,IN4MATX H81,3.91
2838,IN4MATX 139W,3.376666666666667
2839,IN4MATX H198,3.75
2840,I&C SCI 7,3.7000000000000006
2841,INTL ST 12,2.9614285714285713
2842,INTL ST 16,3.7016666666666667
2843,INTL ST 115,3.72
2844,LINGUIS 109,3.74
2845,LINGUIS 115,3.21
2846,LINGUIS 119,3.18
2847,LINGUIS 181C,4.0
2848,MATH 110B,3.5683333333333334
2849,ENGRMAE 183,3.9800000000000004
2850,ENGRMAE 184,3.5833333333333335
2851,MUSIC 46,3.536
2852,MUSIC 47,3.7325
2853,PHRMSCI 179,3.85
2854,PHILOS 115,3.05
2855,PHILOS 165,3.2566666666666664
2856,PHYSICS 125B,3.563333333333334
2857,POL SCI 11A,3.6133333333333333
2858,POL SCI 44B,3.0500000000000003
2859,PSY BEH 187S,2.89
2860,PUBHLTH 135,3.4488888888888893
2861,PUBHLTH 161,3.58
2862,SOC SCI 16,3.755
2863,SOC SCI 103A,3.0949999999999998
2864,SOC SCI 193CW,3.5574999999999997
2865,STATS 170B,3.615
2866,UPPP 5,3.5316666666666667
2867,UPPP H30F,3.8733333333333335
2868,UPPP 103,3.23
2869,UPPP 107,3.6225
2870,UPPP 112,3.106666666666667
2871,UPPP 115,3.75
2872,UPPP 132,3.72
2873,UPPP 133,3.606666666666667
2874,UPPP 155,3.7266666666666666
2875,UPPP 170,3.0085714285714285
2876,SOCECOL 183A,3.496666666666666
2877,ANTHRO 100A,3.7266666666666666
2878,ART HIS 42E,2.88
2879,ART HIS 156,3.05
2880,ART HIS 165A,3.08
2881,ARTS H81,4.0
2882,BIO SCI H97,3.293333333333333
2883,BIO SCI N129,3.59
2884,BIO SCI E134,3.3049999999999997
2885,BIO SCI 193A,3.85
2886,CBE 40A,2.5500000000000003
2887,CBE 100,3.0533333333333332
2888,CBE 105,3.1683333333333334
2889,CBE 120A,2.7733333333333334
2890,CBE 145,3.08
2891,CBE 176,2.766666666666667
2892,CBE 187,3.75
2893,CBE 195,3.3600000000000003
2894,ENGRMSE 141,3.2
2895,ENGRMSE 158,3.1
2896,ENGRMSE 165,3.05
2898,CHEM 197,3.665
2899,CHC/LAT 198,3.9
2900,PSYCH 119,3.4013333333333335
2901,PSYCH 198,4.0
2902,COMPSCI 147,3.8625000000000003
2903,CRM/LAW C186,3.656
2904,UNI STU H80,3.7
2905,DRAMA 126,3.71
2906,EAS 55,3.5981818181818186
2907,EAS 110,3.268571428571429
2908,EAS 130,3.301666666666667
2909,EAS 140,3.2800000000000002
2910,EAS 155,3.2939999999999996
2911,EAS 160,3.332
2912,EAS 190,3.44
2913,EDUC 156,4.0
2914,EDUC 174,3.36
2915,GEN&SEX 110D,3.503333333333334
2916,GERMAN 170,3.34
2917,HISTORY 147,3.7
2918,IN4MATX 164,3.822222222222222
2919,INTL ST 15,3.5799999999999996
2920,INTL ST 102B,3.55
2921,INTL ST 103A,3.86
2922,INTL ST 104BW,3.5833333333333335
2923,LSCI 1,3.2099999999999995
2924,LSCI 2,3.394285714285715
2925,LSCI 3,3.3145454545454545
2926,LSCI 10,3.1666666666666665
2927,LSCI 51,3.783333333333333
2928,LSCI 159,3.74
2929,LSCI 164A,3.08
2930,LSCI 176,3.81
2931,LSCI 195A,3.9933333333333336
2932,LIT JRN 198,4.0
2933,MGMT 153,3.5716666666666668
2934,MUSIC 183B,3.7
2935,POL SCI 131F,2.925
2936,POL SCI 169,3.07
2937,PSCI 9,3.2776190476190474
2938,PSCI 11A,3.4092307692307697
2939,PSCI 11B,3.3488888888888884
2940,PSCI 11C,3.1024999999999996
2941,PSCI 101D,3.3299999999999996
2942,PSCI 102C,3.458181818181818
2943,PSCI 103H,3.473076923076923
2944,PSCI 104S,3.3681818181818186
2945,PSCI 111D,3.2600000000000002
2946,PSCI 127D,3.34
2947,PSCI 137H,3.305
2948,PSCI 139H,3.5233333333333334
2949,PSCI 141H,2.88
2950,PSCI 153C,3.4259999999999997
2951,PSCI 161C,3.153333333333333
2952,PSCI 164C,3.28
2953,PSCI 170S,2.9
2954,PSCI 173S,3.436666666666666
2955,PSCI 183S,3.71875
2956,PSCI 192T,3.625
2957,PSCI 193B,3.35
2958,PSCI 196,3.97
2959,SOC SCI 15,3.4599999999999995
2960,SOCIOL 157AW,3.7
2961,SPANISH 3,3.66
2962,SPANISH 61,3.7249999999999996
2963,UPPP 8,3.6410000000000005
2964,UPPP 104,3.0866666666666664
2965,UPPP 110,3.08
2966,UPPP 129,3.2800000000000002
2967,ART HIS 155B,2.983333333333333
2968,ARTS 199,4.0
2969,BIO SCI N170,3.938
2970,BIO SCI 193B,3.8266666666666667
2971,BME 3,3.8280000000000003
2972,BME 114,3.565
2973,CBE 40B,2.9066666666666667
2974,CBE 110,2.73
2975,CBE 120B,2.7699999999999996
2976,CBE 150A,3.5
2977,ENGRMSE 65A,3.12
2978,ENGRMSE 155,3.736666666666667
2979,ENGRMSE 160,3.09
2980,ENGRMSE 175,2.92
2981,ENGRMSE 190,3.53
2982,ENGRMSE 195,3.47
2983,CRM/LAW C124,3.13
2984,CRM/LAW C135,3.69
2986,EARTHSS 199,4.0
2987,EAS 15C,3.23
2988,EAS 15J,3.356666666666667
2989,EAS 116,3.564
2990,EAS 126,3.546666666666667
2991,EAS 150,3.3818181818181823
2992,EAS 170,3.1399999999999997
2993,EDUC 146,3.774285714285714
2994,ENGLISH H81,3.75
2995,FLM&MDA 118A,3.5033333333333334
2996,FRENCH 1ABSP,3.56
2997,GEN&SEX 157,3.48
2998,HISTORY 182,3.62
2999,INTL ST 106A,3.276666666666667
3000,INTL ST 150,3.42
3001,LSCI 20,2.9914285714285715
3002,LSCI 43,3.4800000000000004
3003,LSCI 68,3.6533333333333338
3004,LSCI 99,3.92
3005,LSCI 155,3.4933333333333336
3006,LSCI 175,3.06
3007,LSCI 195B,3.973333333333333
3008,LPS H123,3.93
3009,PHILOS 40,3.415
3010,PHILOS 117,3.5250000000000004
3011,PHYSICS 136,3.4066666666666667
3012,PSCI 100,3.554
3013,PSCI 112D,3.06
3014,PSCI 154C,3.12
3015,PSCI 160C,3.774
3016,PSCI 163C,3.61
3017,PSCI 178S,2.96
3018,PSCI 185S,3.4766666666666666
3019,PSCI 192B,3.5533333333333332
3020,PSCI 192Q,3.36
3021,PSCI 192V,3.5225
3022,PSCI 193F,3.6233333333333335
3023,PSCI 193G,3.15
3024,PUBHLTH 7B,3.4516666666666667
3025,PUBHLTH 115,3.98
3026,PUBHLTH 190,3.84
3027,SOCIOL 119,3.91
3028,SOCIOL 139,3.53
3029,SPANISH 60S,3.72
3030,STATS 170A,3.6299999999999994
3031,UPPP 109,3.5533333333333332
3032,ANTHRO 100B,3.8449999999999998
3033,ANTHRO 134N,3.79
3034,ART 8,3.9633333333333334
3035,ART HIS 55,3.8000000000000003
3036,ARTS 75,3.955
3037,BIO SCI 17,3.807142857142857
3038,BIO SCI 193C,3.9166666666666665
3039,BIO SCI D190,3.6533333333333338
3040,BIO SCI N121,3.8166666666666664
3041,BIO SCI N123L,3.5375
3042,BME 142,3.84
3043,CBE 40C,2.83
3044,CBE 120C,2.3833333333333333
3045,CBE 130,3.19
3046,CBE 150B,3.5400000000000005
3047,CBE 161,2.8499999999999996
3048,CBE 163,3.8166666666666664
3049,CBE 181,3.375
3050,ENGRMSE 65B,3.37
3051,ENGRMSE 154,2.85
3052,ENGRMSE 155L,3.71
3053,ENGRMSE 164,3.69
3054,ENGRMSE 169,3.38
3055,ENGRMSE 189C,3.79
3056,CHC/LAT 148,3.3666666666666667
3057,PSYCH 89,3.606666666666666
3058,COMPSCI 103,3.415
3059,UNI STU 110,3.9266666666666663
3060,EAS 120,3.513333333333333
3061,EAS 123,3.2066666666666666
3062,EAS 192W,3.57
3063,EECS 120,3.23
3064,FRENCH 1BCSP,3.725
3065,FRENCH 63,4.0
3066,GEN&SEX 100D,3.31
3067,HISTORY 131A,3.61
3068,HISTORY 146H,3.11
3069,HISTORY 171G,3.3200000000000003
3070,INTL ST 102A,3.97
3071,LSCI 107M,3.5
3072,LSCI 119,3.245
3073,LSCI 121,3.78
3074,LSCI 165B,3.31
3075,LSCI 189,3.82
3076,LSCI 195C,3.983333333333334
3077,MGMT 157,3.89
3078,MUSIC 153,3.39
3079,PHRMSCI 155,3.8266666666666667
3080,PHRMSCI H80,4.0
3081,PHILOS 21,3.67
3082,PHILOS 163,3.3733333333333335
3083,POL SCI 147E,3.643333333333333
3084,PSCI 110D,2.898
3085,PSCI 136H,3.4
3086,PSCI 142H,3.1
3087,PSCI 150C,3.5125
3088,PSCI 174S,3.3866666666666667
3089,PSCI 179S,2.9933333333333336
3090,PSCI 184S,3.8449999999999998
3091,PSCI 187S,3.5
3092,PSCI 193C,3.58
3093,PUBHLTH 138,3.27
3094,SOCECOL 186CW,3.425
3095,SOCIOL 167A,3.504
3096,CHC/LAT 120,3.3150000000000004
3097,CHINESE S1AB,3.75
3098,CHINESE S1BC,3.75
3099,EAS 40,3.5683333333333334
3100,INTL ST 177J,2.76
3101,ITALIAN 50,3.7249999999999996
3102,PSCI 118D,3.625
3103,UPPP 130,3.65
3104,AFAM 144,4.0
3105,ASIANAM 116,3.56
3106,BIO SCI 191A,3.79
3107,BME 132,3.965
3108,CBE 140A,3.355
3109,CBE 160,3.185
3110,CHC/LAT 150A,3.43
3111,COM LIT 101W,3.67
3112,CRM/LAW C168,3.8666666666666667
3113,CRM/LAW H80,3.915
3114,DRAMA 110W,3.46
3115,DRAMA 180W,3.79
3116,EDUC 140,3.7225
3117,EDUC 143,3.83
3118,EURO ST 9,3.245
3119,EURO ST 13,3.82
3120,FLM&MDA H80,3.855
3121,HUMAN B1A,3.485
3122,I&C SCI 80,3.555
3123,INTL ST 104A,3.8449999999999998
3124,INTL ST 106B,3.87
3125,INTL ST 148W,3.915
3126,LSCI 145A,3.275
3127,LSCI 182V,3.4450000000000003
3128,MSE 151,3.335
3129,MSE 158,2.98
3130,MSE 164,3.24
3131,MSE 164L,3.143333333333333
3132,MATH 134A,2.8672727272727276
3133,MATH 134C,3.5275
3134,MATH 195W,3.2487500000000002
3135,PHILOS 114,3.74
3136,PHYSICS 150,2.8333333333333335
3137,POL SCI 121HW,3.795
3138,PSCI 166S,3.69
3139,SPANISH 60E,3.8
3140,ANTHRO 48,3.47
3141,ANTHRO 125B,3.68
3142,ANTHRO 125U,2.37
3143,ANTHRO 147,3.01
3144,BIO SCI 191B,3.82
3145,BIO SCI E119,3.2649999999999997
3146,BIO SCI E147,3.3
3147,BIO SCI N122,3.2199999999999998
3148,CHEM 100,3.375
3149,CHC/LAT 123,3.36
3150,ENGRCEE 125,3.3200000000000003
3151,COMPSCI 166,3.66
3152,CRM/LAW C166,3.18
3153,CRM/LAW C179,3.62
3154,DRAMA 150,3.9050000000000002
3155,EARTHSS 133,3.74
3156,EAS 15K,3.4699999999999998
3157,EDUC 154,3.19
3158,ENGLISH H80,3.56
3159,FLM&MDA 150,3.57
3160,FRENCH 102A,3.54
3161,GEN&SEX 182,3.93
3162,ITALIAN 1ABSP,3.635
3163,LSCI 169,3.4520000000000004
3164,MGMT 176,3.085
3165,MSE 60,3.205
3166,MSE 141,3.41
3167,MSE 155,3.715
3168,MSE 155L,3.5066666666666664
3169,MSE 165B,3.455
3170,MSE 173,3.54
3171,MSE 175,3.11
3172,MSE 195,3.6266666666666665
3173,MATH 134B,3.4899999999999998
3175,POL SCI 125CW,2.85
3176,POL SCI 136E,3.5
3177,PSCI 192U,3.65
3178,PUBHLTH 177,3.205
3179,SOCECOL 118,3.625
3180,SOC SCI 134W,3.1933333333333334
3181,SOC SCI 168B,2.73
3182,SPANISH 122,3.5
3183,UPPP 117,3.75
3184,UPPP 120,3.7849999999999997
3185,UPPP 167,3.745
3186,ANTHRO 125,3.35
3187,ART HIS 181,2.8
3188,BIO SCI D139,3.465
3189,BIO SCI E187,3.69
3190,BIO SCI N127,3.15
3191,CHEM M2C,3.54
3192,ENGRCEE 40,2.88
3193,COGS 14P,3.745
3194,COMPSCI 118,3.54
3195,COMPSCI 122D,3.45
3196,COMPSCI 180B,3.95
3197,EARTHSS 156,3.875
3198,ECON 134B,3.365
3199,ECON 169,3.11
3200,EDUC 120A,3.6825
3201,EDUC 159,4.0
3202,ENGLISH 160,3.66
3203,EURO ST 101B,3.4050000000000002
3204,FRENCH 102D,3.9050000000000002
3205,HISTORY 151C,3.02
3206,ITALIAN 1BCSP,3.6799999999999997
3207,LSCI 141,2.9850000000000003
3208,MGMT 131C,3.2
3209,MGMT 145,3.825
3210,MGMT 158,3.935
3211,MSE 69,2.7750000000000004
3212,MSE 165CL,3.6
3213,MSE 189C,3.5250000000000004
3214,MSE 190,3.0949999999999998
3215,PHILOS 131A,3.36
3216,PHYSICS 146B,3.22
3217,PSCI 192S,3.785
3218,SOCIOL 68,3.22
3219,UPPP 177,3.9850000000000003
3220,ASIANAM 132,2.51
3221,JAPANSE S2AB,2.985
3222,JAPANSE S2BC,2.86
3223,PSCI 115D,3.04
3224,AFAM 118,3.88
3226,CHC/LAT 181,3.31
3227,CHINESE 40,3.52
3228,ENGRCEE 114,3.89
3229,CLASSIC 166,3.21
3231,UNI STU H30A,3.82
3232,DRAMA 103W,3.71
3233,DRAMA 180,3.59
3234,EARTHSS 154,3.71
3235,EDUC 170,3.31
3236,FLM&MDA 194,3.25
3237,GDIM 31,3.4450000000000003
3238,GDIM 41,3.266666666666666
3239,GDIM 51,3.8200000000000003
3240,GDIM 55,3.79
3241,HISTORY 175G,3.41
3242,I&C SCI 169A,4.0
3243,LSCI 142,3.83
3244,MGMT 127,3.78
3245,MGMT 172,3.93
3246,MSE 165A,2.64
3247,MUSIC 65,3.8
3248,PSCI 152C,2.91
3249,SOCECOL 106W,3.8225000000000002
3250,SOC SCI 121T,2.62
3251,SOCIOL 172A,3.2
3252,UPPP 118,3.11
3253,ART HIS 30,3.37
3254,BIO SCI H94,3.98
3255,CBE 140B,3.245
3256,CBE 175,3.03
3257,PSYCH 14M,3.415
3258,PSYCH 112LP,3.71
3259,PSYCH 112P,3.39
3260,COM LIT 3,4.0
3261,CRM/LAW C138,3.86
3263,DANCE 155B,4.0
3264,UNI STU H30B,3.9
3265,UNI STU H30E,3.82
3266,ECON 133,3.1
3267,ECON 146D,3.6
3268,EDUC 120B,3.8200000000000003
3269,EECS 121,3.55
3270,EURO ST 102,3.39
3271,GDIM 25,3.915
3272,GDIM 53,3.37
3273,INTL ST 101A,3.37
3274,INTL ST 155,3.53
3275,LSCI 109,3.91
3276,MGMT 134,3.54
3277,MUSIC 151,3.43
3278,MUSIC 181,3.86
3279,NUR SCI 50,3.35
3280,PHILOS 124,3.23
3281,PSCI 138H,3.15
3282,PSCI 143H,3.72
3283,PSCI 192X,3.97
3284,SOCECOL 104W,3.78
3285,SOCIOL 151,3.51
3286,UPPP 125,3.85
3287,ANTHRO 125Z,3.91
3288,ART HIS 167,3.52
3289,ASIANAM 142,3.95
3291,BIO SCI 48,3.19
3292,BIO SCI 199W,4.0
3293,BIO SCI E128,3.33
3294,CHEM 14,2.64
3296,CHC/LAT 124W,3.83
3297,COGS 107,3.61
3299,DANCE 155C,4.0
3300,UNI STU H30C,3.9
3301,UNI STU H30F,3.79
3302,EARTHSS 122,2.91
3303,EARTHSS 141,3.7
3305,ECON 140E,3.05
3306,ECON 153W,2.95
3307,ECON 155,3.27
3308,EDUC 80,3.92
3309,GDIM 61,3.815
3310,GDIM 161,3.63
3311,GDIM 165,3.8
3312,HISTORY 149,3.17
3313,LSCI 195W,3.68
3314,LPS 140,4.0
3315,MSE 165C,2.87
3316,MSE 174,2.85
3318,ENGRMAE 182,4.0
3319,PHRMSCI 122L,4.0
3320,PHRMSCI 142,3.95
3321,PHILOS 134,3.75
3322,SOC SCI 132,3.37
3323,SOCIOL 152W,3.94
3324,SPANISH 150,2.53
3325,UPPP 127,3.74
3327,ART 65B,3.72
3328,GERMAN S1AB,3.73
3329,GERMAN S1BC,3.64
3330,POL SCI 126G,3.11
